ix,iy,x_m,y_m,Lx1_m,Ly1_m,gap_m,Lx2_m,Ly2_m,x2_m,height_m,cost
1,1,-1.2825e-05,-1.3275e-05,2.5e-07,1.75e-07,1.2e-07,1.75e-07,2e-07,8.25e-08,6.3e-07,0.170105567214822
1,2,-1.2825e-05,-1.2825e-05,2e-07,1.75e-07,1.1e-07,1.5e-07,2e-07,3.5e-08,6.3e-07,0.150842338651378
1,3,-1.2825e-05,-1.2375e-05,2e-07,1.8e-07,1e-07,1.75e-07,2e-07,3.75e-08,6.3e-07,0.0885818026022078
1,4,-1.2825e-05,-1.1925e-05,2.75e-07,1.8e-07,1e-07,2e-07,2e-07,8.75e-08,6.3e-07,0.609358826500732
1,5,-1.2825e-05,-1.1475e-05,2.75e-07,1.8e-07,1e-07,2e-07,2e-07,8.75e-08,6.3e-07,1.52314063751454
1,6,-1.2825e-05,-1.1025e-05,2e-07,1.8e-07,1.2e-07,2.5e-07,2e-07,9.5e-08,6.3e-07,1.26767366088009
1,7,-1.2825e-05,-1.0575e-05,2e-07,1.8e-07,1.1e-07,2.25e-07,2e-07,7.25e-08,6.3e-07,0.693642646267585
1,8,-1.2825e-05,-1.0125e-05,2e-07,1.8e-07,1.1e-07,2.5e-07,2e-07,8.5e-08,6.3e-07,0.691377359885631
1,9,-1.2825e-05,-9.675e-06,2.75e-07,1.75e-07,1e-07,2e-07,2e-07,8.75e-08,6.3e-07,0.586831446205712
1,10,-1.2825e-05,-9.225e-06,2e-07,1.7e-07,1.1e-07,2e-07,2e-07,6e-08,6.3e-07,0.291442919896431
1,11,-1.2825e-05,-8.775e-06,2.5e-07,1.75e-07,1.1e-07,2.25e-07,2e-07,9.75e-08,6.3e-07,0.21629043245427
1,12,-1.2825e-05,-8.325e-06,2.5e-07,1.7e-07,1e-07,1.75e-07,2e-07,6.25e-08,6.3e-07,0.32210339492367
1,13,-1.2825e-05,-7.875e-06,3e-07,1.75e-07,1.1e-07,1.5e-07,2e-07,8.5e-08,6.3e-07,0.0137709189083457
1,14,-1.2825e-05,-7.425e-06,2.25e-07,1.7e-07,1.2e-07,2.5e-07,2e-07,1.075e-07,6.3e-07,0.57337092469011
1,15,-1.2825e-05,-6.975e-06,2e-07,1.8e-07,1.2e-07,1.75e-07,2e-07,5.75e-08,6.3e-07,0.269479171752638
1,16,-1.2825e-05,-6.525e-06,2e-07,1.8e-07,1.2e-07,1.75e-07,2e-07,5.75e-08,6.3e-07,0.564594877777197
1,17,-1.2825e-05,-6.075e-06,2.25e-07,1.75e-07,1e-07,1.5e-07,2e-07,3.75e-08,6.3e-07,0.421512976409192
1,18,-1.2825e-05,-5.625e-06,2e-07,1.75e-07,1e-07,1.5e-07,2e-07,2.5e-08,6.3e-07,0.417391862011789
1,19,-1.2825e-05,-5.175e-06,3e-07,1.75e-07,1.1e-07,2.25e-07,2e-07,1.225e-07,6.3e-07,0.180531663427624
1,20,-1.2825e-05,-4.725e-06,3e-07,1.75e-07,1.1e-07,2.25e-07,2e-07,1.225e-07,6.3e-07,0.235108063220529
1,21,-1.2825e-05,-4.275e-06,3e-07,1.75e-07,1e-07,1.75e-07,2e-07,8.75e-08,6.3e-07,0.158650925071309
1,22,-1.2825e-05,-3.825e-06,2.5e-07,1.7e-07,1.2e-07,2e-07,2e-07,9.5e-08,6.3e-07,0.180940232121292
1,23,-1.2825e-05,-3.375e-06,3e-07,1.8e-07,1e-07,2.5e-07,2e-07,1.25e-07,6.3e-07,0.0982571807977397
1,24,-1.2825e-05,-2.925e-06,3e-07,1.8e-07,1e-07,2.5e-07,2e-07,1.25e-07,6.3e-07,0.190858273174314
1,25,-1.2825e-05,-2.475e-06,2.25e-07,1.8e-07,1e-07,2e-07,2e-07,6.25e-08,6.3e-07,0.221003521373173
1,26,-1.2825e-05,-2.025e-06,2.25e-07,1.8e-07,1e-07,2e-07,2e-07,6.25e-08,6.3e-07,0.144820147814059
1,27,-1.2825e-05,-1.575e-06,2.25e-07,1.8e-07,1e-07,2e-07,2e-07,6.25e-08,6.3e-07,0.184143503633382
1,28,-1.2825e-05,-1.125e-06,2.25e-07,1.8e-07,1e-07,2e-07,2e-07,6.25e-08,6.3e-07,0.279679413833589
1,29,-1.2825e-05,-6.74999999999999e-07,2e-07,1.7e-07,1e-07,2.5e-07,2e-07,7.5e-08,6.3e-07,0.246059635822906
1,30,-1.2825e-05,-2.25e-07,2e-07,1.7e-07,1e-07,2.5e-07,2e-07,7.5e-08,6.3e-07,0.194415670260424
1,31,-1.2825e-05,2.25e-07,2e-07,1.7e-07,1e-07,2.5e-07,2e-07,7.5e-08,6.3e-07,0.172757605234013
1,32,-1.2825e-05,6.74999999999999e-07,2e-07,1.7e-07,1e-07,2.5e-07,2e-07,7.5e-08,6.3e-07,0.172612294244218
1,33,-1.2825e-05,1.125e-06,2e-07,1.7e-07,1e-07,2.5e-07,2e-07,7.5e-08,6.3e-07,0.197389389042591
1,34,-1.2825e-05,1.575e-06,2e-07,1.7e-07,1e-07,2.5e-07,2e-07,7.5e-08,6.3e-07,0.262257679799717
1,35,-1.2825e-05,2.025e-06,2.25e-07,1.8e-07,1e-07,2e-07,2e-07,6.25e-08,6.3e-07,0.294983079619775
1,36,-1.2825e-05,2.475e-06,2.25e-07,1.8e-07,1e-07,2e-07,2e-07,6.25e-08,6.3e-07,0.242337400709222
1,37,-1.2825e-05,2.925e-06,2.25e-07,1.8e-07,1e-07,2e-07,2e-07,6.25e-08,6.3e-07,0.276393047730623
1,38,-1.2825e-05,3.375e-06,3e-07,1.8e-07,1e-07,2.5e-07,2e-07,1.25e-07,6.3e-07,0.410484701345803
1,39,-1.2825e-05,3.825e-06,3e-07,1.8e-07,1e-07,2.5e-07,2e-07,1.25e-07,6.3e-07,0.246609186625367
1,40,-1.2825e-05,4.275e-06,2e-07,1.8e-07,1e-07,2e-07,2e-07,5e-08,6.3e-07,0.154220411206169
1,41,-1.2825e-05,4.725e-06,3e-07,1.75e-07,1e-07,1.75e-07,2e-07,8.75e-08,6.3e-07,0.168522148507896
1,42,-1.2825e-05,5.175e-06,3e-07,1.75e-07,1e-07,1.75e-07,2e-07,8.75e-08,6.3e-07,0.096327362616187
1,43,-1.2825e-05,5.625e-06,3e-07,1.75e-07,1.1e-07,2.25e-07,2e-07,1.225e-07,6.3e-07,0.365863506615722
1,44,-1.2825e-05,6.075e-06,2.5e-07,1.75e-07,1e-07,2.25e-07,2e-07,8.75e-08,6.3e-07,0.486500375440205
1,45,-1.2825e-05,6.525e-06,2.25e-07,1.75e-07,1e-07,1.5e-07,2e-07,3.75e-08,6.3e-07,0.515282917775686
1,46,-1.2825e-05,6.975e-06,2.75e-07,1.75e-07,1e-07,2e-07,2e-07,8.75e-08,6.3e-07,0.656689778337964
1,47,-1.2825e-05,7.425e-06,2e-07,1.8e-07,1.2e-07,1.75e-07,2e-07,5.75e-08,6.3e-07,0.52489053243816
1,48,-1.2825e-05,7.875e-06,2.5e-07,1.75e-07,1e-07,2.5e-07,2e-07,1e-07,6.3e-07,0.803615316089292
1,49,-1.2825e-05,8.325e-06,3e-07,1.75e-07,1.1e-07,1.5e-07,2e-07,8.5e-08,6.3e-07,0.187511082240043
1,50,-1.2825e-05,8.775e-06,2.5e-07,1.7e-07,1e-07,1.75e-07,2e-07,6.25e-08,6.3e-07,0.252179691570358
1,51,-1.2825e-05,9.225e-06,2.75e-07,1.75e-07,1.1e-07,2.25e-07,2e-07,1.1e-07,6.3e-07,0.39324484272934
1,52,-1.2825e-05,9.675e-06,2e-07,1.7e-07,1.1e-07,2e-07,2e-07,6e-08,6.3e-07,0.0808404448432897
1,53,-1.2825e-05,1.0125e-05,2.75e-07,1.75e-07,1.1e-07,2e-07,2e-07,9.75e-08,6.3e-07,0.718888468676445
1,54,-1.2825e-05,1.0575e-05,2.25e-07,1.75e-07,1e-07,1.75e-07,2e-07,5e-08,6.3e-07,0.857110539558259
1,55,-1.2825e-05,1.1025e-05,2.75e-07,1.7e-07,1.2e-07,2.5e-07,2e-07,1.325e-07,6.3e-07,0.5125420550541
1,56,-1.2825e-05,1.1475e-05,3e-07,1.7e-07,1e-07,2.5e-07,2e-07,1.25e-07,6.3e-07,0.798550981430726
1,57,-1.2825e-05,1.1925e-05,2.25e-07,1.7e-07,1.2e-07,1.5e-07,2e-07,5.75e-08,6.3e-07,2.19390379565989
1,58,-1.2825e-05,1.2375e-05,2e-07,1.75e-07,1.2e-07,2e-07,2e-07,7e-08,6.3e-07,0.391535916837228
1,59,-1.2825e-05,1.2825e-05,2.75e-07,1.8e-07,1.1e-07,2e-07,2e-07,9.75e-08,6.3e-07,0.0910132924866331
1,60,-1.2825e-05,1.3275e-05,2.75e-07,1.75e-07,1.2e-07,1.5e-07,2e-07,8.25e-08,6.3e-07,0.0500030898546377
2,1,-1.1475e-05,-1.3275e-05,2.75e-07,1.8e-07,1.1e-07,2e-07,2e-07,9.75e-08,6.3e-07,0.4907905417596
2,2,-1.1475e-05,-1.2825e-05,2.75e-07,1.8e-07,1e-07,2e-07,2e-07,8.75e-08,6.3e-07,1.32959672962632
2,3,-1.1475e-05,-1.2375e-05,2e-07,1.8e-07,1.2e-07,2.5e-07,2e-07,9.5e-08,6.3e-07,1.23713815551343
2,4,-1.1475e-05,-1.1925e-05,2e-07,1.8e-07,1.1e-07,2.25e-07,2e-07,7.25e-08,6.3e-07,0.751988118988747
2,5,-1.1475e-05,-1.1475e-05,2.5e-07,1.7e-07,1e-07,1.5e-07,2e-07,5e-08,6.3e-07,0.841444587615725
2,6,-1.1475e-05,-1.1025e-05,2.75e-07,1.75e-07,1.1e-07,2e-07,2e-07,9.75e-08,6.3e-07,0.523045027389871
2,7,-1.1475e-05,-1.0575e-05,2.5e-07,1.75e-07,1.1e-07,2.25e-07,2e-07,9.75e-08,6.3e-07,0.117446268255207
2,8,-1.1475e-05,-1.0125e-05,2.5e-07,1.7e-07,1e-07,1.75e-07,2e-07,6.25e-08,6.3e-07,0.542410910692361
2,9,-1.1475e-05,-9.675e-06,3e-07,1.75e-07,1.1e-07,1.5e-07,2e-07,8.5e-08,6.3e-07,0.0180043147710877
2,10,-1.1475e-05,-9.225e-06,2e-07,1.8e-07,1.2e-07,1.75e-07,2e-07,5.75e-08,6.3e-07,0.697736981953012
2,11,-1.1475e-05,-8.775e-06,2e-07,1.8e-07,1.2e-07,1.75e-07,2e-07,5.75e-08,6.3e-07,0.276742810776821
2,12,-1.1475e-05,-8.325e-06,2.25e-07,1.75e-07,1e-07,1.5e-07,2e-07,3.75e-08,6.3e-07,0.465073236807235
2,13,-1.1475e-05,-7.875e-06,2e-07,1.75e-07,1e-07,1.5e-07,2e-07,2.5e-08,6.3e-07,0.396106499565172
2,14,-1.1475e-05,-7.425e-06,3e-07,1.75e-07,1.1e-07,2.25e-07,2e-07,1.225e-07,6.3e-07,0.106728509593078
2,15,-1.1475e-05,-6.975e-06,3e-07,1.75e-07,1e-07,1.75e-07,2e-07,8.75e-08,6.3e-07,0.21977429079172
2,16,-1.1475e-05,-6.525e-06,3e-07,1.8e-07,1e-07,2.5e-07,2e-07,1.25e-07,6.3e-07,0.0637094220016275
2,17,-1.1475e-05,-6.075e-06,2.25e-07,1.8e-07,1e-07,2e-07,2e-07,6.25e-08,6.3e-07,0.196493310980007
2,18,-1.1475e-05,-5.625e-06,2.25e-07,1.8e-07,1e-07,2e-07,2e-07,6.25e-08,6.3e-07,0.157101708174791
2,19,-1.1475e-05,-5.175e-06,2.25e-07,1.7e-07,1e-07,2e-07,2e-07,6.25e-08,6.3e-07,0.158178232471291
2,20,-1.1475e-05,-4.725e-06,2.25e-07,1.7e-07,1e-07,2e-07,2e-07,6.25e-08,6.3e-07,0.0198096015466353
2,21,-1.1475e-05,-4.275e-06,2.25e-07,1.7e-07,1e-07,2e-07,2e-07,6.25e-08,6.3e-07,0.388936468573411
2,22,-1.1475e-05,-3.825e-06,2.75e-07,1.75e-07,1.2e-07,1.5e-07,2e-07,8.25e-08,6.3e-07,0.127640863426292
2,23,-1.1475e-05,-3.375e-06,2.75e-07,1.75e-07,1.2e-07,1.5e-07,2e-07,8.25e-08,6.3e-07,0.210094173264345
2,24,-1.1475e-05,-2.925e-06,3e-07,1.7e-07,1.1e-07,1.5e-07,2e-07,8.5e-08,6.3e-07,0.338192924888161
2,25,-1.1475e-05,-2.475e-06,2.75e-07,1.8e-07,1.1e-07,2e-07,2e-07,9.75e-08,6.3e-07,0.152121169695193
2,26,-1.1475e-05,-2.025e-06,2.75e-07,1.8e-07,1.1e-07,2e-07,2e-07,9.75e-08,6.3e-07,0.0457702432108702
2,27,-1.1475e-05,-1.575e-06,2.75e-07,1.8e-07,1.1e-07,2e-07,2e-07,9.75e-08,6.3e-07,0.0663279634058708
2,28,-1.1475e-05,-1.125e-06,2.75e-07,1.8e-07,1.1e-07,2e-07,2e-07,9.75e-08,6.3e-07,0.152576421344706
2,29,-1.1475e-05,-6.74999999999999e-07,2e-07,1.75e-07,1.2e-07,2e-07,2e-07,7e-08,6.3e-07,0.14466500851655
2,30,-1.1475e-05,-2.25e-07,2e-07,1.75e-07,1.2e-07,2e-07,2e-07,7e-08,6.3e-07,0.143997907040191
2,31,-1.1475e-05,2.25e-07,2e-07,1.75e-07,1.2e-07,2e-07,2e-07,7e-08,6.3e-07,0.142665634892099
2,32,-1.1475e-05,6.74999999999999e-07,2e-07,1.75e-07,1.2e-07,2e-07,2e-07,7e-08,6.3e-07,0.130402923799815
2,33,-1.1475e-05,1.125e-06,2e-07,1.75e-07,1.2e-07,2e-07,2e-07,7e-08,6.3e-07,0.110115474168021
2,34,-1.1475e-05,1.575e-06,2e-07,1.75e-07,1.2e-07,2e-07,2e-07,7e-08,6.3e-07,0.0979538325778577
2,35,-1.1475e-05,2.025e-06,2.75e-07,1.8e-07,1.1e-07,2e-07,2e-07,9.75e-08,6.3e-07,0.105842418557897
2,36,-1.1475e-05,2.475e-06,2.75e-07,1.8e-07,1.1e-07,2e-07,2e-07,9.75e-08,6.3e-07,0.0412984331512447
2,37,-1.1475e-05,2.925e-06,2.75e-07,1.8e-07,1.1e-07,2e-07,2e-07,9.75e-08,6.3e-07,0.0698757498343195
2,38,-1.1475e-05,3.375e-06,3e-07,1.7e-07,1.1e-07,1.5e-07,2e-07,8.5e-08,6.3e-07,0.235913840547294
2,39,-1.1475e-05,3.825e-06,3e-07,1.7e-07,1.1e-07,1.5e-07,2e-07,8.5e-08,6.3e-07,0.509657119425171
2,40,-1.1475e-05,4.275e-06,2.75e-07,1.75e-07,1.2e-07,1.5e-07,2e-07,8.25e-08,6.3e-07,0.339840564939954
2,41,-1.1475e-05,4.725e-06,2.75e-07,1.75e-07,1.2e-07,1.5e-07,2e-07,8.25e-08,6.3e-07,0.431740785031134
2,42,-1.1475e-05,5.175e-06,2.25e-07,1.7e-07,1e-07,2e-07,2e-07,6.25e-08,6.3e-07,0.246644261708883
2,43,-1.1475e-05,5.625e-06,2.25e-07,1.7e-07,1e-07,2e-07,2e-07,6.25e-08,6.3e-07,0.11231299924713
2,44,-1.1475e-05,6.075e-06,2e-07,1.7e-07,1e-07,2.5e-07,2e-07,7.5e-08,6.3e-07,0.123268319809245
2,45,-1.1475e-05,6.525e-06,2.25e-07,1.8e-07,1e-07,2e-07,2e-07,6.25e-08,6.3e-07,0.347398655490512
2,46,-1.1475e-05,6.975e-06,3e-07,1.8e-07,1e-07,2.5e-07,2e-07,1.25e-07,6.3e-07,0.365802445937947
2,47,-1.1475e-05,7.425e-06,2e-07,1.8e-07,1e-07,2e-07,2e-07,5e-08,6.3e-07,0.114751990862866
2,48,-1.1475e-05,7.875e-06,3e-07,1.75e-07,1e-07,1.75e-07,2e-07,8.75e-08,6.3e-07,0.117380655571145
2,49,-1.1475e-05,8.325e-06,2.5e-07,1.75e-07,1e-07,2.25e-07,2e-07,8.75e-08,6.3e-07,0.475253420004508
2,50,-1.1475e-05,8.775e-06,2.75e-07,1.8e-07,1.1e-07,1.75e-07,2e-07,8.5e-08,6.3e-07,0.510885624789904
2,51,-1.1475e-05,9.225e-06,2.75e-07,1.75e-07,1e-07,2e-07,2e-07,8.75e-08,6.3e-07,0.691839713146601
2,52,-1.1475e-05,9.675e-06,2e-07,1.8e-07,1.2e-07,1.75e-07,2e-07,5.75e-08,6.3e-07,0.645641980790392
2,53,-1.1475e-05,1.0125e-05,3e-07,1.75e-07,1.1e-07,1.5e-07,2e-07,8.5e-08,6.3e-07,0.277947304560579
2,54,-1.1475e-05,1.0575e-05,2.5e-07,1.7e-07,1e-07,1.75e-07,2e-07,6.25e-08,6.3e-07,0.333163419648841
2,55,-1.1475e-05,1.1025e-05,2.5e-07,1.75e-07,1.1e-07,2.25e-07,2e-07,9.75e-08,6.3e-07,0.311357949474122
2,56,-1.1475e-05,1.1475e-05,2e-07,1.7e-07,1.1e-07,2e-07,2e-07,6e-08,6.3e-07,0.384062258770482
2,57,-1.1475e-05,1.1925e-05,2.25e-07,1.7e-07,1.2e-07,2e-07,2e-07,8.25e-08,6.3e-07,1.20967561202455
2,58,-1.1475e-05,1.2375e-05,2.25e-07,1.75e-07,1e-07,1.75e-07,2e-07,5e-08,6.3e-07,0.482651923951962
2,59,-1.1475e-05,1.2825e-05,3e-07,1.7e-07,1e-07,2.5e-07,2e-07,1.25e-07,6.3e-07,0.687695301010334
2,60,-1.1475e-05,1.3275e-05,2.25e-07,1.7e-07,1.2e-07,1.5e-07,2e-07,5.75e-08,6.3e-07,2.13106751005135
3,1,-1.0125e-05,-1.3275e-05,2e-07,1.8e-07,1.1e-07,2.25e-07,2e-07,7.25e-08,6.3e-07,0.834443946450597
3,2,-1.0125e-05,-1.2825e-05,2e-07,1.8e-07,1.1e-07,2.5e-07,2e-07,8.5e-08,6.3e-07,0.553196978468649
3,3,-1.0125e-05,-1.2375e-05,2.75e-07,1.75e-07,1e-07,2e-07,2e-07,8.75e-08,6.3e-07,0.496861500853174
3,4,-1.0125e-05,-1.1925e-05,2e-07,1.7e-07,1.1e-07,2e-07,2e-07,6e-08,6.3e-07,0.158891047913406
3,5,-1.0125e-05,-1.1475e-05,2e-07,1.75e-07,1.2e-07,2.5e-07,2e-07,9.5e-08,6.3e-07,0.566638883302724
3,6,-1.0125e-05,-1.1025e-05,3e-07,1.75e-07,1.1e-07,1.5e-07,2e-07,8.5e-08,6.3e-07,0.0242631251598144
3,7,-1.0125e-05,-1.0575e-05,2e-07,1.8e-07,1.2e-07,1.75e-07,2e-07,5.75e-08,6.3e-07,0.514914710955601
3,8,-1.0125e-05,-1.0125e-05,2e-07,1.8e-07,1.2e-07,1.75e-07,2e-07,5.75e-08,6.3e-07,0.446676539257703
3,9,-1.0125e-05,-9.675e-06,2e-07,1.75e-07,1e-07,1.5e-07,2e-07,2.5e-08,6.3e-07,0.282832227394006
3,10,-1.0125e-05,-9.225e-06,3e-07,1.75e-07,1.1e-07,2.25e-07,2e-07,1.225e-07,6.3e-07,0.0917723999316892
3,11,-1.0125e-05,-8.775e-06,3e-07,1.75e-07,1e-07,1.75e-07,2e-07,8.75e-08,6.3e-07,0.239537667238071
3,12,-1.0125e-05,-8.325e-06,3e-07,1.8e-07,1e-07,2.5e-07,2e-07,1.25e-07,6.3e-07,0.0288145923878894
3,13,-1.0125e-05,-7.875e-06,2.25e-07,1.8e-07,1e-07,2e-07,2e-07,6.25e-08,6.3e-07,0.0543334054454272
3,14,-1.0125e-05,-7.425e-06,2.25e-07,1.7e-07,1e-07,2e-07,2e-07,6.25e-08,6.3e-07,0.252190624041563
3,15,-1.0125e-05,-6.975e-06,2.25e-07,1.7e-07,1e-07,2e-07,2e-07,6.25e-08,6.3e-07,0.0699527714389379
3,16,-1.0125e-05,-6.525e-06,2.75e-07,1.75e-07,1.2e-07,1.5e-07,2e-07,8.25e-08,6.3e-07,0.106236677949478
3,17,-1.0125e-05,-6.075e-06,2e-07,1.8e-07,1e-07,1.75e-07,2e-07,3.75e-08,6.3e-07,0.263320836897845
3,18,-1.0125e-05,-5.625e-06,2.75e-07,1.8e-07,1.1e-07,2e-07,2e-07,9.75e-08,6.3e-07,0.110840211094485
3,19,-1.0125e-05,-5.175e-06,2.75e-07,1.8e-07,1.1e-07,2e-07,2e-07,9.75e-08,6.3e-07,0.241955599870088
3,20,-1.0125e-05,-4.725e-06,2e-07,1.75e-07,1.2e-07,2e-07,2e-07,7e-08,6.3e-07,0.519743756803084
3,21,-1.0125e-05,-4.275e-06,2e-07,1.75e-07,1.2e-07,2e-07,2e-07,7e-08,6.3e-07,1.2398408018882
3,22,-1.0125e-05,-3.825e-06,2.75e-07,1.8e-07,1e-07,2e-07,2e-07,8.75e-08,6.3e-07,1.98509242543224
3,23,-1.0125e-05,-3.375e-06,2e-07,1.8e-07,1.2e-07,2.5e-07,2e-07,9.5e-08,6.3e-07,1.84136169344368
3,24,-1.0125e-05,-2.925e-06,2e-07,1.8e-07,1.2e-07,2.5e-07,2e-07,9.5e-08,6.3e-07,1.41647359564328
3,25,-1.0125e-05,-2.475e-06,2e-07,1.8e-07,1.1e-07,2.25e-07,2e-07,7.25e-08,6.3e-07,1.1773674633451
3,26,-1.0125e-05,-2.025e-06,2e-07,1.8e-07,1.1e-07,2.25e-07,2e-07,7.25e-08,6.3e-07,0.86945794188478
3,27,-1.0125e-05,-1.575e-06,2e-07,1.8e-07,1.1e-07,2.25e-07,2e-07,7.25e-08,6.3e-07,0.721304111045741
3,28,-1.0125e-05,-1.125e-06,2e-07,1.8e-07,1.1e-07,2.25e-07,2e-07,7.25e-08,6.3e-07,0.678548863237371
3,29,-1.0125e-05,-6.74999999999999e-07,2e-07,1.8e-07,1.1e-07,2.25e-07,2e-07,7.25e-08,6.3e-07,0.690857390003375
3,30,-1.0125e-05,-2.25e-07,2e-07,1.8e-07,1.1e-07,2.25e-07,2e-07,7.25e-08,6.3e-07,0.718853661256781
3,31,-1.0125e-05,2.25e-07,2e-07,1.8e-07,1.1e-07,2.25e-07,2e-07,7.25e-08,6.3e-07,0.736755848670934
3,32,-1.0125e-05,6.74999999999999e-07,2e-07,1.8e-07,1.1e-07,2.25e-07,2e-07,7.25e-08,6.3e-07,0.732838352751407
3,33,-1.0125e-05,1.125e-06,2e-07,1.8e-07,1.1e-07,2.25e-07,2e-07,7.25e-08,6.3e-07,0.709300149645989
3,34,-1.0125e-05,1.575e-06,2e-07,1.8e-07,1.1e-07,2.25e-07,2e-07,7.25e-08,6.3e-07,0.682342935720795
3,35,-1.0125e-05,2.025e-06,2e-07,1.8e-07,1.1e-07,2.25e-07,2e-07,7.25e-08,6.3e-07,0.682430706523486
3,36,-1.0125e-05,2.475e-06,2e-07,1.8e-07,1.1e-07,2.25e-07,2e-07,7.25e-08,6.3e-07,0.75384356649626
3,37,-1.0125e-05,2.925e-06,3e-07,1.7e-07,1e-07,2.5e-07,2e-07,1.25e-07,6.3e-07,0.854431688132245
3,38,-1.0125e-05,3.375e-06,3e-07,1.7e-07,1e-07,2.5e-07,2e-07,1.25e-07,6.3e-07,1.08258639791982
3,39,-1.0125e-05,3.825e-06,3e-07,1.7e-07,1e-07,2.5e-07,2e-07,1.25e-07,6.3e-07,1.51628939065122
3,40,-1.0125e-05,4.275e-06,3e-07,1.7e-07,1e-07,2.5e-07,2e-07,1.25e-07,6.3e-07,2.16737293650456
3,41,-1.0125e-05,4.725e-06,2e-07,1.75e-07,1.2e-07,2e-07,2e-07,7e-08,6.3e-07,1.64568863244554
3,42,-1.0125e-05,5.175e-06,2e-07,1.75e-07,1.2e-07,2e-07,2e-07,7e-08,6.3e-07,0.72204961218
3,43,-1.0125e-05,5.625e-06,2e-07,1.75e-07,1.2e-07,2e-07,2e-07,7e-08,6.3e-07,0.129123170867184
3,44,-1.0125e-05,6.075e-06,2.75e-07,1.8e-07,1.1e-07,2e-07,2e-07,9.75e-08,6.3e-07,0.0967923264646749
3,45,-1.0125e-05,6.525e-06,2.75e-07,1.8e-07,1.1e-07,2e-07,2e-07,9.75e-08,6.3e-07,0.251903272511288
3,46,-1.0125e-05,6.975e-06,2.75e-07,1.75e-07,1.2e-07,1.5e-07,2e-07,8.25e-08,6.3e-07,0.470478086596213
3,47,-1.0125e-05,7.425e-06,2.25e-07,1.7e-07,1e-07,2e-07,2e-07,6.25e-08,6.3e-07,0.582898818790273
3,48,-1.0125e-05,7.875e-06,2.25e-07,1.7e-07,1e-07,2e-07,2e-07,6.25e-08,6.3e-07,0.149059843974044
3,49,-1.0125e-05,8.325e-06,2e-07,1.7e-07,1e-07,2.5e-07,2e-07,7.5e-08,6.3e-07,0.225394344853946
3,50,-1.0125e-05,8.775e-06,3e-07,1.7e-07,1.1e-07,2.25e-07,2e-07,1.225e-07,6.3e-07,0.440349358010118
3,51,-1.0125e-05,9.225e-06,2e-07,1.8e-07,1e-07,2e-07,2e-07,5e-08,6.3e-07,0.106544346789649
3,52,-1.0125e-05,9.675e-06,3e-07,1.75e-07,1e-07,1.75e-07,2e-07,8.75e-08,6.3e-07,0.184897638489689
3,53,-1.0125e-05,1.0125e-05,2.5e-07,1.75e-07,1e-07,2.25e-07,2e-07,8.75e-08,6.3e-07,0.580147678531161
3,54,-1.0125e-05,1.0575e-05,2.75e-07,1.75e-07,1e-07,2e-07,2e-07,8.75e-08,6.3e-07,0.50959305299666
3,55,-1.0125e-05,1.1025e-05,2e-07,1.8e-07,1.2e-07,1.75e-07,2e-07,5.75e-08,6.3e-07,0.609152530548728
3,56,-1.0125e-05,1.1475e-05,3e-07,1.75e-07,1.1e-07,1.5e-07,2e-07,8.5e-08,6.3e-07,0.40397646638871
3,57,-1.0125e-05,1.1925e-05,2.5e-07,1.7e-07,1e-07,1.75e-07,2e-07,6.25e-08,6.3e-07,0.373919438096362
3,58,-1.0125e-05,1.2375e-05,2e-07,1.7e-07,1.1e-07,2e-07,2e-07,6e-08,6.3e-07,0.206598385914439
3,59,-1.0125e-05,1.2825e-05,2.75e-07,1.75e-07,1.1e-07,2e-07,2e-07,9.75e-08,6.3e-07,0.666256768464541
3,60,-1.0125e-05,1.3275e-05,2.25e-07,1.75e-07,1e-07,1.75e-07,2e-07,5e-08,6.3e-07,0.741505737859844
4,1,-8.775e-06,-1.3275e-05,2.75e-07,1.75e-07,1e-07,2e-07,2e-07,8.75e-08,6.3e-07,0.478983117786939
4,2,-8.775e-06,-1.2825e-05,2.5e-07,1.75e-07,1.1e-07,2.25e-07,2e-07,9.75e-08,6.3e-07,0.14244092545574
4,3,-8.775e-06,-1.2375e-05,2.5e-07,1.7e-07,1e-07,1.75e-07,2e-07,6.25e-08,6.3e-07,0.283243957153738
4,4,-8.775e-06,-1.1925e-05,3e-07,1.75e-07,1.1e-07,1.5e-07,2e-07,8.5e-08,6.3e-07,0.204666135979819
4,5,-8.775e-06,-1.1475e-05,2e-07,1.8e-07,1.2e-07,1.75e-07,2e-07,5.75e-08,6.3e-07,0.205330754258268
4,6,-8.775e-06,-1.1025e-05,2.25e-07,1.75e-07,1e-07,1.5e-07,2e-07,3.75e-08,6.3e-07,0.478533124472748
4,7,-8.775e-06,-1.0575e-05,3e-07,1.75e-07,1.1e-07,2.25e-07,2e-07,1.225e-07,6.3e-07,0.221915058167205
4,8,-8.775e-06,-1.0125e-05,3e-07,1.75e-07,1e-07,1.75e-07,2e-07,8.75e-08,6.3e-07,0.266456521628418
4,9,-8.775e-06,-9.675e-06,3e-07,1.8e-07,1e-07,2.5e-07,2e-07,1.25e-07,6.3e-07,0.0148683053143755
4,10,-8.775e-06,-9.225e-06,2.25e-07,1.8e-07,1e-07,2e-07,2e-07,6.25e-08,6.3e-07,0.0404087154759159
4,11,-8.775e-06,-8.775e-06,2.25e-07,1.7e-07,1e-07,2e-07,2e-07,6.25e-08,6.3e-07,0.0655407518359278
4,12,-8.775e-06,-8.325e-06,2.75e-07,1.75e-07,1.2e-07,1.5e-07,2e-07,8.25e-08,6.3e-07,0.30192288774369
4,13,-8.775e-06,-7.875e-06,2.75e-07,1.75e-07,1.2e-07,1.5e-07,2e-07,8.25e-08,6.3e-07,0.15478404565524
4,14,-8.775e-06,-7.425e-06,2.75e-07,1.8e-07,1.1e-07,2e-07,2e-07,9.75e-08,6.3e-07,0.128731193635617
4,15,-8.775e-06,-6.975e-06,2e-07,1.75e-07,1.2e-07,2e-07,2e-07,7e-08,6.3e-07,0.393735300090987
4,16,-8.775e-06,-6.525e-06,2.75e-07,1.8e-07,1e-07,2e-07,2e-07,8.75e-08,6.3e-07,1.13071065689905
4,17,-8.775e-06,-6.075e-06,2.75e-07,1.75e-07,1.1e-07,2.25e-07,2e-07,1.1e-07,6.3e-07,1.77254018505721
4,18,-8.775e-06,-5.625e-06,2e-07,1.8e-07,1.2e-07,2.5e-07,2e-07,9.5e-08,6.3e-07,1.32080228692887
4,19,-8.775e-06,-5.175e-06,2e-07,1.8e-07,1.1e-07,2.25e-07,2e-07,7.25e-08,6.3e-07,0.88758919407717
4,20,-8.775e-06,-4.725e-06,2e-07,1.8e-07,1.1e-07,2.25e-07,2e-07,7.25e-08,6.3e-07,0.748843736333132
4,21,-8.775e-06,-4.275e-06,2e-07,1.8e-07,1.1e-07,2.5e-07,2e-07,8.5e-08,6.3e-07,0.501589776045652
4,22,-8.775e-06,-3.825e-06,2.5e-07,1.7e-07,1e-07,1.5e-07,2e-07,5e-08,6.3e-07,0.505626294965723
4,23,-8.775e-06,-3.375e-06,2.75e-07,1.75e-07,1e-07,2e-07,2e-07,8.75e-08,6.3e-07,0.558939812387258
4,24,-8.775e-06,-2.925e-06,2.75e-07,1.75e-07,1e-07,2e-07,2e-07,8.75e-08,6.3e-07,0.244386417091926
4,25,-8.775e-06,-2.475e-06,2.75e-07,1.75e-07,1e-07,2e-07,2e-07,8.75e-08,6.3e-07,0.210961379732126
4,26,-8.775e-06,-2.025e-06,2.75e-07,1.8e-07,1.1e-07,1.75e-07,2e-07,8.5e-08,6.3e-07,0.233264606551891
4,27,-8.775e-06,-1.575e-06,2.75e-07,1.8e-07,1.1e-07,1.75e-07,2e-07,8.5e-08,6.3e-07,0.301473511385086
4,28,-8.775e-06,-1.125e-06,2.75e-07,1.8e-07,1.1e-07,1.75e-07,2e-07,8.5e-08,6.3e-07,0.440123479938581
4,29,-8.775e-06,-6.74999999999999e-07,2.75e-07,1.8e-07,1e-07,2.5e-07,2e-07,1.125e-07,6.3e-07,0.500664785938211
4,30,-8.775e-06,-2.25e-07,2.75e-07,1.8e-07,1e-07,2.5e-07,2e-07,1.125e-07,6.3e-07,0.483505254346817
4,31,-8.775e-06,2.25e-07,2.5e-07,1.75e-07,1.1e-07,2.25e-07,2e-07,9.75e-08,6.3e-07,0.447049173708277
4,32,-8.775e-06,6.74999999999999e-07,2.5e-07,1.75e-07,1.1e-07,2.25e-07,2e-07,9.75e-08,6.3e-07,0.423124274894113
4,33,-8.775e-06,1.125e-06,2.5e-07,1.75e-07,1.1e-07,2.25e-07,2e-07,9.75e-08,6.3e-07,0.417882901155056
4,34,-8.775e-06,1.575e-06,2e-07,1.7e-07,1.1e-07,2e-07,2e-07,6e-08,6.3e-07,0.433000287914761
4,35,-8.775e-06,2.025e-06,2e-07,1.7e-07,1.1e-07,2e-07,2e-07,6e-08,6.3e-07,0.486308285195779
4,36,-8.775e-06,2.475e-06,2.75e-07,1.8e-07,1.1e-07,1.75e-07,2e-07,8.5e-08,6.3e-07,0.482973196376299
4,37,-8.775e-06,2.925e-06,2.75e-07,1.8e-07,1.1e-07,1.75e-07,2e-07,8.5e-08,6.3e-07,0.471866837893279
4,38,-8.775e-06,3.375e-06,2.75e-07,1.75e-07,1e-07,2e-07,2e-07,8.75e-08,6.3e-07,0.471953808265534
4,39,-8.775e-06,3.825e-06,2.75e-07,1.75e-07,1e-07,2e-07,2e-07,8.75e-08,6.3e-07,0.578165472122186
4,40,-8.775e-06,4.275e-06,2.75e-07,1.75e-07,1e-07,2e-07,2e-07,8.75e-08,6.3e-07,0.977549342290495
4,41,-8.775e-06,4.725e-06,2e-07,1.8e-07,1.1e-07,2.5e-07,2e-07,8.5e-08,6.3e-07,0.764542817967306
4,42,-8.775e-06,5.175e-06,2e-07,1.8e-07,1.1e-07,2.5e-07,2e-07,8.5e-08,6.3e-07,0.761634342143721
4,43,-8.775e-06,5.625e-06,2.75e-07,1.7e-07,1.2e-07,2.5e-07,2e-07,1.325e-07,6.3e-07,0.531054602754999
4,44,-8.775e-06,6.075e-06,3e-07,1.7e-07,1e-07,2.5e-07,2e-07,1.25e-07,6.3e-07,0.741879863419246
4,45,-8.775e-06,6.525e-06,3e-07,1.7e-07,1e-07,2.5e-07,2e-07,1.25e-07,6.3e-07,1.46487045702486
4,46,-8.775e-06,6.975e-06,2.25e-07,1.7e-07,1.2e-07,1.5e-07,2e-07,5.75e-08,6.3e-07,1.8552069258963
4,47,-8.775e-06,7.425e-06,2e-07,1.75e-07,1.2e-07,2e-07,2e-07,7e-08,6.3e-07,0.528001901839251
4,48,-8.775e-06,7.875e-06,2e-07,1.75e-07,1.2e-07,2e-07,2e-07,7e-08,6.3e-07,0.01313085691017
4,49,-8.775e-06,8.325e-06,2.75e-07,1.8e-07,1.1e-07,2e-07,2e-07,9.75e-08,6.3e-07,0.249760019464841
4,50,-8.775e-06,8.775e-06,2.75e-07,1.75e-07,1.2e-07,1.5e-07,2e-07,8.25e-08,6.3e-07,0.511538322879193
4,51,-8.775e-06,9.225e-06,2.25e-07,1.7e-07,1e-07,2e-07,2e-07,6.25e-08,6.3e-07,0.305852250305345
4,52,-8.775e-06,9.675e-06,2e-07,1.7e-07,1e-07,2.5e-07,2e-07,7.5e-08,6.3e-07,0.0760128047240018
4,53,-8.775e-06,1.0125e-05,3e-07,1.7e-07,1.1e-07,2.25e-07,2e-07,1.225e-07,6.3e-07,0.44476470147725
4,54,-8.775e-06,1.0575e-05,2e-07,1.8e-07,1e-07,2e-07,2e-07,5e-08,6.3e-07,0.106413377216694
4,55,-8.775e-06,1.1025e-05,3e-07,1.75e-07,1e-07,1.75e-07,2e-07,8.75e-08,6.3e-07,0.302417142819026
4,56,-8.775e-06,1.1475e-05,2.75e-07,1.8e-07,1.1e-07,1.75e-07,2e-07,8.5e-08,6.3e-07,0.527059487905019
4,57,-8.775e-06,1.1925e-05,2.75e-07,1.75e-07,1e-07,2e-07,2e-07,8.75e-08,6.3e-07,0.603491657151741
4,58,-8.775e-06,1.2375e-05,2.5e-07,1.75e-07,1e-07,2.5e-07,2e-07,1e-07,6.3e-07,0.769641652374709
4,59,-8.775e-06,1.2825e-05,3e-07,1.75e-07,1.1e-07,1.5e-07,2e-07,8.5e-08,6.3e-07,0.216690622981061
4,60,-8.775e-06,1.3275e-05,2.75e-07,1.75e-07,1.1e-07,2.25e-07,2e-07,1.1e-07,6.3e-07,0.397894164200872
5,1,-7.425e-06,-1.3275e-05,2.5e-07,1.7e-07,1e-07,1.75e-07,2e-07,6.25e-08,6.3e-07,0.566035575287215
5,2,-7.425e-06,-1.2825e-05,3e-07,1.75e-07,1.1e-07,1.5e-07,2e-07,8.5e-08,6.3e-07,0.113967706872732
5,3,-7.425e-06,-1.2375e-05,2e-07,1.8e-07,1.2e-07,1.75e-07,2e-07,5.75e-08,6.3e-07,0.206286466431511
5,4,-7.425e-06,-1.1925e-05,2e-07,1.75e-07,1e-07,1.5e-07,2e-07,2.5e-08,6.3e-07,0.450871632338801
5,5,-7.425e-06,-1.1475e-05,3e-07,1.75e-07,1.1e-07,2.25e-07,2e-07,1.225e-07,6.3e-07,0.129240720977085
5,6,-7.425e-06,-1.1025e-05,3e-07,1.75e-07,1e-07,1.75e-07,2e-07,8.75e-08,6.3e-07,0.331279425254301
5,7,-7.425e-06,-1.0575e-05,3e-07,1.8e-07,1e-07,2.5e-07,2e-07,1.25e-07,6.3e-07,0.0885385273885617
5,8,-7.425e-06,-1.0125e-05,2.25e-07,1.8e-07,1e-07,2e-07,2e-07,6.25e-08,6.3e-07,0.233150396388823
5,9,-7.425e-06,-9.675e-06,2.25e-07,1.7e-07,1e-07,2e-07,2e-07,6.25e-08,6.3e-07,0.0829169584360595
5,10,-7.425e-06,-9.225e-06,2.75e-07,1.75e-07,1.2e-07,1.5e-07,2e-07,8.25e-08,6.3e-07,0.022594827069318
5,11,-7.425e-06,-8.775e-06,2.75e-07,1.8e-07,1.1e-07,2e-07,2e-07,9.75e-08,6.3e-07,0.2286002821723
5,12,-7.425e-06,-8.325e-06,2e-07,1.75e-07,1.2e-07,2e-07,2e-07,7e-08,6.3e-07,0.462192679491288
5,13,-7.425e-06,-7.875e-06,2.75e-07,1.8e-07,1e-07,2e-07,2e-07,8.75e-08,6.3e-07,1.18234030270026
5,14,-7.425e-06,-7.425e-06,2.75e-07,1.75e-07,1.1e-07,2.25e-07,2e-07,1.1e-07,6.3e-07,1.61354030382742
5,15,-7.425e-06,-6.975e-06,2e-07,1.8e-07,1.2e-07,2.5e-07,2e-07,9.5e-08,6.3e-07,1.11825453471906
5,16,-7.425e-06,-6.525e-06,2e-07,1.8e-07,1.1e-07,2.25e-07,2e-07,7.25e-08,6.3e-07,0.792427568267912
5,17,-7.425e-06,-6.075e-06,2e-07,1.8e-07,1.1e-07,2.5e-07,2e-07,8.5e-08,6.3e-07,0.484835086880485
5,18,-7.425e-06,-5.625e-06,2.5e-07,1.7e-07,1e-07,1.5e-07,2e-07,5e-08,6.3e-07,0.518924683659772
5,19,-7.425e-06,-5.175e-06,2.75e-07,1.75e-07,1e-07,2e-07,2e-07,8.75e-08,6.3e-07,0.119457466577724
5,20,-7.425e-06,-4.725e-06,2.75e-07,1.8e-07,1.1e-07,1.75e-07,2e-07,8.5e-08,6.3e-07,0.154228469099556
5,21,-7.425e-06,-4.275e-06,2.75e-07,1.8e-07,1.1e-07,1.75e-07,2e-07,8.5e-08,6.3e-07,0.57385616232685
5,22,-7.425e-06,-3.825e-06,3e-07,1.75e-07,1.1e-07,2e-07,2e-07,1.1e-07,6.3e-07,0.504544877599702
5,23,-7.425e-06,-3.375e-06,2.5e-07,1.8e-07,1.1e-07,2.5e-07,2e-07,1.1e-07,6.3e-07,0.183731166219841
5,24,-7.425e-06,-2.925e-06,2.5e-07,1.8e-07,1.1e-07,2.5e-07,2e-07,1.1e-07,6.3e-07,0.0615638846249466
5,25,-7.425e-06,-2.475e-06,2.5e-07,1.8e-07,1.1e-07,2.5e-07,2e-07,1.1e-07,6.3e-07,0.222449194794821
5,26,-7.425e-06,-2.025e-06,3e-07,1.7e-07,1.1e-07,2.25e-07,2e-07,1.225e-07,6.3e-07,0.366084663578891
5,27,-7.425e-06,-1.575e-06,3e-07,1.7e-07,1.1e-07,2.25e-07,2e-07,1.225e-07,6.3e-07,0.157894842704058
5,28,-7.425e-06,-1.125e-06,3e-07,1.7e-07,1.1e-07,2.25e-07,2e-07,1.225e-07,6.3e-07,0.0838674014599656
5,29,-7.425e-06,-6.74999999999999e-07,3e-07,1.7e-07,1.1e-07,2.25e-07,2e-07,1.225e-07,6.3e-07,0.0854990323923955
5,30,-7.425e-06,-2.25e-07,3e-07,1.7e-07,1.1e-07,2.25e-07,2e-07,1.225e-07,6.3e-07,0.114889064344234
5,31,-7.425e-06,2.25e-07,3e-07,1.7e-07,1.1e-07,2.25e-07,2e-07,1.225e-07,6.3e-07,0.139194462339974
5,32,-7.425e-06,6.74999999999999e-07,3e-07,1.7e-07,1.1e-07,2.25e-07,2e-07,1.225e-07,6.3e-07,0.14194235198947
5,33,-7.425e-06,1.125e-06,3e-07,1.7e-07,1.1e-07,2.25e-07,2e-07,1.225e-07,6.3e-07,0.123122022040582
5,34,-7.425e-06,1.575e-06,3e-07,1.7e-07,1.1e-07,2.25e-07,2e-07,1.225e-07,6.3e-07,0.0991928911561369
5,35,-7.425e-06,2.025e-06,3e-07,1.7e-07,1.1e-07,2.25e-07,2e-07,1.225e-07,6.3e-07,0.103218170350961
5,36,-7.425e-06,2.475e-06,3e-07,1.7e-07,1.1e-07,2.25e-07,2e-07,1.225e-07,6.3e-07,0.184342439008978
5,37,-7.425e-06,2.925e-06,2.5e-07,1.7e-07,1e-07,1.75e-07,2e-07,6.25e-08,6.3e-07,0.326807012225841
5,38,-7.425e-06,3.375e-06,2.5e-07,1.7e-07,1e-07,1.75e-07,2e-07,6.25e-08,6.3e-07,0.328763422115864
5,39,-7.425e-06,3.825e-06,2.5e-07,1.8e-07,1.1e-07,2.5e-07,2e-07,1.1e-07,6.3e-07,0.390143752727515
5,40,-7.425e-06,4.275e-06,2e-07,1.75e-07,1.2e-07,2.5e-07,2e-07,9.5e-08,6.3e-07,0.377575221932693
5,41,-7.425e-06,4.725e-06,2.5e-07,1.75e-07,1.1e-07,2.25e-07,2e-07,9.75e-08,6.3e-07,0.291783267481948
5,42,-7.425e-06,5.175e-06,2e-07,1.7e-07,1.1e-07,2e-07,2e-07,6e-08,6.3e-07,0.222506514908156
5,43,-7.425e-06,5.625e-06,2.75e-07,1.75e-07,1.1e-07,2e-07,2e-07,9.75e-08,6.3e-07,0.454625166624248
5,44,-7.425e-06,6.075e-06,2.75e-07,1.75e-07,1e-07,2e-07,2e-07,8.75e-08,6.3e-07,0.655253238299337
5,45,-7.425e-06,6.525e-06,2.75e-07,1.75e-07,1e-07,2e-07,2e-07,8.75e-08,6.3e-07,1.17487097891468
5,46,-7.425e-06,6.975e-06,2.25e-07,1.75e-07,1e-07,1.75e-07,2e-07,5e-08,6.3e-07,0.662442266024173
5,47,-7.425e-06,7.425e-06,2.75e-07,1.7e-07,1.2e-07,2.5e-07,2e-07,1.325e-07,6.3e-07,0.422735079720928
5,48,-7.425e-06,7.875e-06,3e-07,1.7e-07,1e-07,2.5e-07,2e-07,1.25e-07,6.3e-07,0.825959613064085
5,49,-7.425e-06,8.325e-06,2.25e-07,1.8e-07,1e-07,2e-07,2e-07,6.25e-08,6.3e-07,1.90749811248699
5,50,-7.425e-06,8.775e-06,2e-07,1.75e-07,1.2e-07,2e-07,2e-07,7e-08,6.3e-07,0.748194517934075
5,51,-7.425e-06,9.225e-06,2e-07,1.75e-07,1.2e-07,2e-07,2e-07,7e-08,6.3e-07,0.00476477487749719
5,52,-7.425e-06,9.675e-06,3e-07,1.7e-07,1.1e-07,1.5e-07,2e-07,8.5e-08,6.3e-07,0.36751104785488
5,53,-7.425e-06,1.0125e-05,2.75e-07,1.75e-07,1.2e-07,1.5e-07,2e-07,8.25e-08,6.3e-07,0.615068776460088
5,54,-7.425e-06,1.0575e-05,2e-07,1.7e-07,1e-07,2.5e-07,2e-07,7.5e-08,6.3e-07,0.21064925402209
5,55,-7.425e-06,1.1025e-05,2e-07,1.7e-07,1e-07,2.5e-07,2e-07,7.5e-08,6.3e-07,0.512886556849264
5,56,-7.425e-06,1.1475e-05,2e-07,1.8e-07,1e-07,2e-07,2e-07,5e-08,6.3e-07,0.2265908717213
5,57,-7.425e-06,1.1925e-05,3e-07,1.75e-07,1e-07,1.75e-07,2e-07,8.75e-08,6.3e-07,0.143883857270529
5,58,-7.425e-06,1.2375e-05,2.75e-07,1.8e-07,1.1e-07,1.75e-07,2e-07,8.5e-08,6.3e-07,0.61747446352616
5,59,-7.425e-06,1.2825e-05,2.75e-07,1.75e-07,1e-07,2e-07,2e-07,8.75e-08,6.3e-07,0.52402617285135
5,60,-7.425e-06,1.3275e-05,2.5e-07,1.75e-07,1e-07,2.5e-07,2e-07,1e-07,6.3e-07,0.750747946185314
6,1,-6.075e-06,-1.3275e-05,2e-07,1.8e-07,1.2e-07,1.75e-07,2e-07,5.75e-08,6.3e-07,0.718582659685814
6,2,-6.075e-06,-1.2825e-05,2e-07,1.8e-07,1.2e-07,1.75e-07,2e-07,5.75e-08,6.3e-07,0.496641197033921
6,3,-6.075e-06,-1.2375e-05,2e-07,1.75e-07,1e-07,1.5e-07,2e-07,2.5e-08,6.3e-07,0.215181999600214
6,4,-6.075e-06,-1.1925e-05,3e-07,1.75e-07,1.1e-07,2.25e-07,2e-07,1.225e-07,6.3e-07,0.232339515258349
6,5,-6.075e-06,-1.1475e-05,3e-07,1.8e-07,1e-07,2.5e-07,2e-07,1.25e-07,6.3e-07,0.00174096654633516
6,6,-6.075e-06,-1.1025e-05,2.25e-07,1.8e-07,1e-07,2e-07,2e-07,6.25e-08,6.3e-07,0.0782231657387314
6,7,-6.075e-06,-1.0575e-05,2.25e-07,1.7e-07,1e-07,2e-07,2e-07,6.25e-08,6.3e-07,0.0535630204637822
6,8,-6.075e-06,-1.0125e-05,2.75e-07,1.75e-07,1.2e-07,1.5e-07,2e-07,8.25e-08,6.3e-07,0.00889407886295054
6,9,-6.075e-06,-9.675e-06,2.75e-07,1.8e-07,1.1e-07,2e-07,2e-07,9.75e-08,6.3e-07,0.237663725751526
6,10,-6.075e-06,-9.225e-06,2e-07,1.75e-07,1.2e-07,2e-07,2e-07,7e-08,6.3e-07,0.602197575791385
6,11,-6.075e-06,-8.775e-06,2.75e-07,1.8e-07,1e-07,2e-07,2e-07,8.75e-08,6.3e-07,1.44495034096536
6,12,-6.075e-06,-8.325e-06,2e-07,1.8e-07,1.2e-07,2.5e-07,2e-07,9.5e-08,6.3e-07,1.29896247767571
6,13,-6.075e-06,-7.875e-06,2e-07,1.8e-07,1.1e-07,2.25e-07,2e-07,7.25e-08,6.3e-07,0.85130926263743
6,14,-6.075e-06,-7.425e-06,2e-07,1.8e-07,1.1e-07,2.5e-07,2e-07,8.5e-08,6.3e-07,0.504305211289429
6,15,-6.075e-06,-6.975e-06,2.5e-07,1.7e-07,1e-07,1.5e-07,2e-07,5e-08,6.3e-07,0.436253506657838
6,16,-6.075e-06,-6.525e-06,2.75e-07,1.75e-07,1e-07,2e-07,2e-07,8.75e-08,6.3e-07,0.0858160411935324
6,17,-6.075e-06,-6.075e-06,2.75e-07,1.8e-07,1.1e-07,1.75e-07,2e-07,8.5e-08,6.3e-07,0.243818941743816
6,18,-6.075e-06,-5.625e-06,3e-07,1.75e-07,1.1e-07,2e-07,2e-07,1.1e-07,6.3e-07,0.507512378930546
6,19,-6.075e-06,-5.175e-06,2.5e-07,1.8e-07,1.1e-07,2.5e-07,2e-07,1.1e-07,6.3e-07,0.0791092950317915
6,20,-6.075e-06,-4.725e-06,2.5e-07,1.8e-07,1.1e-07,2.5e-07,2e-07,1.1e-07,6.3e-07,0.141277404968272
6,21,-6.075e-06,-4.275e-06,3e-07,1.7e-07,1.1e-07,2.25e-07,2e-07,1.225e-07,6.3e-07,0.252220979458079
6,22,-6.075e-06,-3.825e-06,3e-07,1.7e-07,1.1e-07,2.25e-07,2e-07,1.225e-07,6.3e-07,0.191034055379778
6,23,-6.075e-06,-3.375e-06,3e-07,1.7e-07,1.1e-07,2.25e-07,2e-07,1.225e-07,6.3e-07,0.596336550881379
6,24,-6.075e-06,-2.925e-06,2e-07,1.7e-07,1e-07,2.5e-07,2e-07,7.5e-08,6.3e-07,0.192598401812553
6,25,-6.075e-06,-2.475e-06,2e-07,1.7e-07,1e-07,2.5e-07,2e-07,7.5e-08,6.3e-07,0.0631368751365734
6,26,-6.075e-06,-2.025e-06,2e-07,1.7e-07,1e-07,2.5e-07,2e-07,7.5e-08,6.3e-07,0.183930837969731
6,27,-6.075e-06,-1.575e-06,2.25e-07,1.7e-07,1e-07,2e-07,2e-07,6.25e-08,6.3e-07,0.211574346955046
6,28,-6.075e-06,-1.125e-06,2.25e-07,1.7e-07,1e-07,2e-07,2e-07,6.25e-08,6.3e-07,0.328077675730074
6,29,-6.075e-06,-6.74999999999999e-07,2.25e-07,1.7e-07,1e-07,2e-07,2e-07,6.25e-08,6.3e-07,0.489025484075658
6,30,-6.075e-06,-2.25e-07,2.25e-07,1.7e-07,1e-07,2e-07,2e-07,6.25e-08,6.3e-07,0.641557984160256
6,31,-6.075e-06,2.25e-07,2.75e-07,1.75e-07,1.2e-07,1.5e-07,2e-07,8.25e-08,6.3e-07,0.66538148152217
6,32,-6.075e-06,6.74999999999999e-07,2.75e-07,1.75e-07,1.2e-07,1.5e-07,2e-07,8.25e-08,6.3e-07,0.706827071476611
6,33,-6.075e-06,1.125e-06,2.75e-07,1.8e-07,1.1e-07,2.5e-07,2e-07,1.225e-07,6.3e-07,0.735349471900892
6,34,-6.075e-06,1.575e-06,2.75e-07,1.8e-07,1.1e-07,2.5e-07,2e-07,1.225e-07,6.3e-07,0.713885317039644
6,35,-6.075e-06,2.025e-06,2.25e-07,1.7e-07,1e-07,2e-07,2e-07,6.25e-08,6.3e-07,0.68973205496845
6,36,-6.075e-06,2.475e-06,2.25e-07,1.7e-07,1e-07,2e-07,2e-07,6.25e-08,6.3e-07,0.651088831260606
6,37,-6.075e-06,2.925e-06,2e-07,1.7e-07,1e-07,2.5e-07,2e-07,7.5e-08,6.3e-07,0.475687742932497
6,38,-6.075e-06,3.375e-06,3e-07,1.8e-07,1e-07,2.25e-07,2e-07,1.125e-07,6.3e-07,0.353953883788376
6,39,-6.075e-06,3.825e-06,3e-07,1.8e-07,1e-07,2.25e-07,2e-07,1.125e-07,6.3e-07,0.314027177066665
6,40,-6.075e-06,4.275e-06,3e-07,1.8e-07,1e-07,2.25e-07,2e-07,1.125e-07,6.3e-07,0.611761229280526
6,41,-6.075e-06,4.725e-06,3e-07,1.7e-07,1.1e-07,2.25e-07,2e-07,1.225e-07,6.3e-07,0.267678535908429
6,42,-6.075e-06,5.175e-06,3e-07,1.7e-07,1.1e-07,2.25e-07,2e-07,1.225e-07,6.3e-07,0.267239654833315
6,43,-6.075e-06,5.625e-06,2.5e-07,1.7e-07,1e-07,1.75e-07,2e-07,6.25e-08,6.3e-07,0.18569724109653
6,44,-6.075e-06,6.075e-06,2e-07,1.75e-07,1.2e-07,2.5e-07,2e-07,9.5e-08,6.3e-07,0.514192680779437
6,45,-6.075e-06,6.525e-06,2.5e-07,1.75e-07,1.1e-07,2.25e-07,2e-07,9.75e-08,6.3e-07,0.216768922516535
6,46,-6.075e-06,6.975e-06,2e-07,1.7e-07,1.1e-07,2e-07,2e-07,6e-08,6.3e-07,0.241357216230759
6,47,-6.075e-06,7.425e-06,2.75e-07,1.75e-07,1.1e-07,2e-07,2e-07,9.75e-08,6.3e-07,0.635590040022721
6,48,-6.075e-06,7.875e-06,2.25e-07,1.75e-07,1e-07,1.75e-07,2e-07,5e-08,6.3e-07,1.18046898005054
6,49,-6.075e-06,8.325e-06,2.25e-07,1.75e-07,1e-07,1.75e-07,2e-07,5e-08,6.3e-07,0.551954724794278
6,50,-6.075e-06,8.775e-06,2.75e-07,1.7e-07,1.2e-07,2.5e-07,2e-07,1.325e-07,6.3e-07,0.384582543434891
6,51,-6.075e-06,9.225e-06,3e-07,1.7e-07,1e-07,2.5e-07,2e-07,1.25e-07,6.3e-07,1.3141056328551
6,52,-6.075e-06,9.675e-06,2e-07,1.75e-07,1.2e-07,2e-07,2e-07,7e-08,6.3e-07,1.31947719236921
6,53,-6.075e-06,1.0125e-05,2e-07,1.75e-07,1.2e-07,2e-07,2e-07,7e-08,6.3e-07,0.03927312630919
6,54,-6.075e-06,1.0575e-05,2.75e-07,1.8e-07,1.1e-07,2e-07,2e-07,9.75e-08,6.3e-07,0.311854592773639
6,55,-6.075e-06,1.1025e-05,2.75e-07,1.75e-07,1.2e-07,1.5e-07,2e-07,8.25e-08,6.3e-07,0.667676910872946
6,56,-6.075e-06,1.1475e-05,2e-07,1.7e-07,1e-07,2.5e-07,2e-07,7.5e-08,6.3e-07,0.171610659753508
6,57,-6.075e-06,1.1925e-05,2.25e-07,1.8e-07,1e-07,2e-07,2e-07,6.25e-08,6.3e-07,0.587597382225947
6,58,-6.075e-06,1.2375e-05,2e-07,1.8e-07,1e-07,2e-07,2e-07,5e-08,6.3e-07,0.12442683444148
6,59,-6.075e-06,1.2825e-05,3e-07,1.75e-07,1e-07,1.75e-07,2e-07,8.75e-08,6.3e-07,0.417942465763622
6,60,-6.075e-06,1.3275e-05,2.75e-07,1.8e-07,1.1e-07,1.75e-07,2e-07,8.5e-08,6.3e-07,0.342013500872631
7,1,-4.725e-06,-1.3275e-05,2.25e-07,1.75e-07,1e-07,1.5e-07,2e-07,3.75e-08,6.3e-07,0.739231021911175
7,2,-4.725e-06,-1.2825e-05,3e-07,1.75e-07,1.1e-07,2.25e-07,2e-07,1.225e-07,6.3e-07,0.280132485988544
7,3,-4.725e-06,-1.2375e-05,3e-07,1.75e-07,1e-07,1.75e-07,2e-07,8.75e-08,6.3e-07,0.38409898668074
7,4,-4.725e-06,-1.1925e-05,3e-07,1.8e-07,1e-07,2.5e-07,2e-07,1.25e-07,6.3e-07,0.114608817952216
7,5,-4.725e-06,-1.1475e-05,2.25e-07,1.7e-07,1e-07,2e-07,2e-07,6.25e-08,6.3e-07,0.408958134563106
7,6,-4.725e-06,-1.1025e-05,2.25e-07,1.7e-07,1e-07,2e-07,2e-07,6.25e-08,6.3e-07,0.373503572134382
7,7,-4.725e-06,-1.0575e-05,2e-07,1.8e-07,1e-07,1.75e-07,2e-07,3.75e-08,6.3e-07,0.0877708329078202
7,8,-4.725e-06,-1.0125e-05,2.75e-07,1.8e-07,1.1e-07,2e-07,2e-07,9.75e-08,6.3e-07,0.320717623686603
7,9,-4.725e-06,-9.675e-06,2.75e-07,1.8e-07,1e-07,2e-07,2e-07,8.75e-08,6.3e-07,0.909745769435565
7,10,-4.725e-06,-9.225e-06,2.75e-07,1.75e-07,1.1e-07,2.25e-07,2e-07,1.1e-07,6.3e-07,1.38549467841571
7,11,-4.725e-06,-8.775e-06,2e-07,1.8e-07,1.1e-07,2.25e-07,2e-07,7.25e-08,6.3e-07,1.00758737905754
7,12,-4.725e-06,-8.325e-06,2e-07,1.8e-07,1.1e-07,2.5e-07,2e-07,8.5e-08,6.3e-07,0.558541092581276
7,13,-4.725e-06,-7.875e-06,2.5e-07,1.7e-07,1e-07,1.5e-07,2e-07,5e-08,6.3e-07,0.390286517753812
7,14,-4.725e-06,-7.425e-06,2.75e-07,1.75e-07,1e-07,2e-07,2e-07,8.75e-08,6.3e-07,0.0869771160209051
7,15,-4.725e-06,-6.975e-06,2.75e-07,1.8e-07,1.1e-07,1.75e-07,2e-07,8.5e-08,6.3e-07,0.39552629045281
7,16,-4.725e-06,-6.525e-06,2.5e-07,1.8e-07,1.1e-07,2.5e-07,2e-07,1.1e-07,6.3e-07,0.385932298176762
7,17,-4.725e-06,-6.075e-06,2.5e-07,1.8e-07,1.1e-07,2.5e-07,2e-07,1.1e-07,6.3e-07,0.0295759499017441
7,18,-4.725e-06,-5.625e-06,2e-07,1.8e-07,1e-07,2e-07,2e-07,5e-08,6.3e-07,0.244402252663621
7,19,-4.725e-06,-5.175e-06,3e-07,1.7e-07,1.1e-07,2.25e-07,2e-07,1.225e-07,6.3e-07,0.32611713389007
7,20,-4.725e-06,-4.725e-06,2e-07,1.7e-07,1e-07,2.5e-07,2e-07,7.5e-08,6.3e-07,0.362632864190107
7,21,-4.725e-06,-4.275e-06,2e-07,1.7e-07,1e-07,2.5e-07,2e-07,7.5e-08,6.3e-07,0.0727157236479015
7,22,-4.725e-06,-3.825e-06,2.25e-07,1.7e-07,1e-07,2e-07,2e-07,6.25e-08,6.3e-07,0.0487151585525691
7,23,-4.725e-06,-3.375e-06,2.25e-07,1.7e-07,1e-07,2e-07,2e-07,6.25e-08,6.3e-07,0.356618880669016
7,24,-4.725e-06,-2.925e-06,2.75e-07,1.75e-07,1.2e-07,1.5e-07,2e-07,8.25e-08,6.3e-07,0.105255034405026
7,25,-4.725e-06,-2.475e-06,2.75e-07,1.75e-07,1.2e-07,1.5e-07,2e-07,8.25e-08,6.3e-07,0.110284261425623
7,26,-4.725e-06,-2.025e-06,2e-07,1.8e-07,1e-07,1.75e-07,2e-07,3.75e-08,6.3e-07,0.156171306934723
7,27,-4.725e-06,-1.575e-06,2e-07,1.8e-07,1e-07,1.75e-07,2e-07,3.75e-08,6.3e-07,0.242029635957654
7,28,-4.725e-06,-1.125e-06,2.75e-07,1.8e-07,1.1e-07,2e-07,2e-07,9.75e-08,6.3e-07,0.221776332879489
7,29,-4.725e-06,-6.74999999999999e-07,2.75e-07,1.8e-07,1.1e-07,2e-07,2e-07,9.75e-08,6.3e-07,0.21887025893522
7,30,-4.725e-06,-2.25e-07,2.75e-07,1.8e-07,1.1e-07,2e-07,2e-07,9.75e-08,6.3e-07,0.251066987355244
7,31,-4.725e-06,2.25e-07,2.75e-07,1.8e-07,1.1e-07,2e-07,2e-07,9.75e-08,6.3e-07,0.27122970354814
7,32,-4.725e-06,6.74999999999999e-07,2.75e-07,1.8e-07,1.1e-07,2e-07,2e-07,9.75e-08,6.3e-07,0.25272724301146
7,33,-4.725e-06,1.125e-06,2.75e-07,1.8e-07,1.1e-07,2e-07,2e-07,9.75e-08,6.3e-07,0.1915269327799
7,34,-4.725e-06,1.575e-06,2.75e-07,1.8e-07,1.1e-07,2e-07,2e-07,9.75e-08,6.3e-07,0.106958881476861
7,35,-4.725e-06,2.025e-06,2.75e-07,1.8e-07,1.1e-07,2e-07,2e-07,9.75e-08,6.3e-07,0.0415035532611847
7,36,-4.725e-06,2.475e-06,2.75e-07,1.8e-07,1.1e-07,2e-07,2e-07,9.75e-08,6.3e-07,0.0589109626797355
7,37,-4.725e-06,2.925e-06,2.75e-07,1.8e-07,1.1e-07,2e-07,2e-07,9.75e-08,6.3e-07,0.238946936223452
7,38,-4.725e-06,3.375e-06,3e-07,1.7e-07,1.1e-07,1.5e-07,2e-07,8.5e-08,6.3e-07,0.554353199120955
7,39,-4.725e-06,3.825e-06,2.5e-07,1.75e-07,1.2e-07,1.5e-07,2e-07,7e-08,6.3e-07,0.479833691395915
7,40,-4.725e-06,4.275e-06,2.75e-07,1.8e-07,1.1e-07,2.5e-07,2e-07,1.225e-07,6.3e-07,0.506752614534003
7,41,-4.725e-06,4.725e-06,2.75e-07,1.8e-07,1.1e-07,2.5e-07,2e-07,1.225e-07,6.3e-07,0.662497541793938
7,42,-4.725e-06,5.175e-06,2.75e-07,1.8e-07,1.2e-07,1.5e-07,2e-07,8.25e-08,6.3e-07,0.454017990858987
7,43,-4.725e-06,5.625e-06,2.75e-07,1.8e-07,1.2e-07,1.5e-07,2e-07,8.25e-08,6.3e-07,0.303148747384572
7,44,-4.725e-06,6.075e-06,3e-07,1.7e-07,1.1e-07,2.25e-07,2e-07,1.225e-07,6.3e-07,0.519761065875204
7,45,-4.725e-06,6.525e-06,3e-07,1.75e-07,1.1e-07,1.5e-07,2e-07,8.5e-08,6.3e-07,0.252567550436442
7,46,-4.725e-06,6.975e-06,2.5e-07,1.7e-07,1e-07,1.75e-07,2e-07,6.25e-08,6.3e-07,0.163319370432652
7,47,-4.725e-06,7.425e-06,2e-07,1.75e-07,1.2e-07,2.5e-07,2e-07,9.5e-08,6.3e-07,0.390339766041044
7,48,-4.725e-06,7.875e-06,2e-07,1.7e-07,1.1e-07,2e-07,2e-07,6e-08,6.3e-07,0.0974043656204538
7,49,-4.725e-06,8.325e-06,2.75e-07,1.75e-07,1.1e-07,2e-07,2e-07,9.75e-08,6.3e-07,0.518755096389976
7,50,-4.725e-06,8.775e-06,2.75e-07,1.75e-07,1e-07,2e-07,2e-07,8.75e-08,6.3e-07,1.21631030017625
7,51,-4.725e-06,9.225e-06,2.25e-07,1.75e-07,1e-07,1.75e-07,2e-07,5e-08,6.3e-07,0.468711399053299
7,52,-4.725e-06,9.675e-06,2.75e-07,1.7e-07,1.2e-07,2.5e-07,2e-07,1.325e-07,6.3e-07,0.372592560688586
7,53,-4.725e-06,1.0125e-05,2.5e-07,1.75e-07,1.2e-07,1.75e-07,2e-07,8.25e-08,6.3e-07,1.5521603934015
7,54,-4.725e-06,1.0575e-05,2e-07,1.75e-07,1.2e-07,2e-07,2e-07,7e-08,6.3e-07,0.789622906259662
7,55,-4.725e-06,1.1025e-05,2e-07,1.75e-07,1.2e-07,2e-07,2e-07,7e-08,6.3e-07,0.0433782335733643
7,56,-4.725e-06,1.1475e-05,2.5e-07,1.75e-07,1.2e-07,1.5e-07,2e-07,7e-08,6.3e-07,0.613321659242431
7,57,-4.725e-06,1.1925e-05,2.25e-07,1.7e-07,1e-07,2e-07,2e-07,6.25e-08,6.3e-07,0.493929018175269
7,58,-4.725e-06,1.2375e-05,2e-07,1.7e-07,1e-07,2.5e-07,2e-07,7.5e-08,6.3e-07,0.184035962618231
7,59,-4.725e-06,1.2825e-05,3e-07,1.7e-07,1.1e-07,2.25e-07,2e-07,1.225e-07,6.3e-07,0.299733870863914
7,60,-4.725e-06,1.3275e-05,2.5e-07,1.8e-07,1.1e-07,2.5e-07,2e-07,1.1e-07,6.3e-07,0.126602545302818
8,1,-3.375e-06,-1.3275e-05,2e-07,1.75e-07,1e-07,1.5e-07,2e-07,2.5e-08,6.3e-07,0.205615331316322
8,2,-3.375e-06,-1.2825e-05,3e-07,1.75e-07,1.1e-07,2.25e-07,2e-07,1.225e-07,6.3e-07,0.384740107973804
8,3,-3.375e-06,-1.2375e-05,3e-07,1.8e-07,1e-07,2.5e-07,2e-07,1.25e-07,6.3e-07,0.0562781064088879
8,4,-3.375e-06,-1.1925e-05,2.25e-07,1.8e-07,1e-07,2e-07,2e-07,6.25e-08,6.3e-07,0.349910509414776
8,5,-3.375e-06,-1.1475e-05,2.25e-07,1.7e-07,1e-07,2e-07,2e-07,6.25e-08,6.3e-07,0.374529878713574
8,6,-3.375e-06,-1.1025e-05,2e-07,1.8e-07,1e-07,1.75e-07,2e-07,3.75e-08,6.3e-07,0.0621900817817387
8,7,-3.375e-06,-1.0575e-05,2.75e-07,1.8e-07,1.1e-07,2e-07,2e-07,9.75e-08,6.3e-07,0.410455140148515
8,8,-3.375e-06,-1.0125e-05,2.75e-07,1.8e-07,1e-07,2e-07,2e-07,8.75e-08,6.3e-07,0.98924313111307
8,9,-3.375e-06,-9.675e-06,2.75e-07,1.75e-07,1.1e-07,2.25e-07,2e-07,1.1e-07,6.3e-07,1.33241564815362
8,10,-3.375e-06,-9.225e-06,2e-07,1.8e-07,1.1e-07,2.25e-07,2e-07,7.25e-08,6.3e-07,0.957232744894076
8,11,-3.375e-06,-8.775e-06,2.5e-07,1.7e-07,1e-07,1.5e-07,2e-07,5e-08,6.3e-07,0.43087595126977
8,12,-3.375e-06,-8.325e-06,2.75e-07,1.75e-07,1e-07,2e-07,2e-07,8.75e-08,6.3e-07,0.24590053407871
8,13,-3.375e-06,-7.875e-06,2.75e-07,1.8e-07,1.1e-07,1.75e-07,2e-07,8.5e-08,6.3e-07,0.0860399841813511
8,14,-3.375e-06,-7.425e-06,3e-07,1.75e-07,1.1e-07,2e-07,2e-07,1.1e-07,6.3e-07,0.574531049706248
8,15,-3.375e-06,-6.975e-06,2.5e-07,1.8e-07,1.1e-07,2.5e-07,2e-07,1.1e-07,6.3e-07,0.051262498307116
8,16,-3.375e-06,-6.525e-06,2e-07,1.8e-07,1e-07,2e-07,2e-07,5e-08,6.3e-07,0.138128767963237
8,17,-3.375e-06,-6.075e-06,3e-07,1.7e-07,1.1e-07,2.25e-07,2e-07,1.225e-07,6.3e-07,0.387391033949155
8,18,-3.375e-06,-5.625e-06,2.25e-07,1.8e-07,1e-07,2e-07,2e-07,6.25e-08,6.3e-07,0.349676299738216
8,19,-3.375e-06,-5.175e-06,2.25e-07,1.7e-07,1e-07,2e-07,2e-07,6.25e-08,6.3e-07,0.138163428715932
8,20,-3.375e-06,-4.725e-06,2.25e-07,1.7e-07,1e-07,2e-07,2e-07,6.25e-08,6.3e-07,0.0831256705810668
8,21,-3.375e-06,-4.275e-06,2.75e-07,1.75e-07,1.2e-07,1.5e-07,2e-07,8.25e-08,6.3e-07,0.106072446821157
8,22,-3.375e-06,-3.825e-06,2.75e-07,1.75e-07,1.2e-07,1.5e-07,2e-07,8.25e-08,6.3e-07,0.0649510685352622
8,23,-3.375e-06,-3.375e-06,2e-07,1.8e-07,1e-07,1.75e-07,2e-07,3.75e-08,6.3e-07,0.05011020602326
8,24,-3.375e-06,-2.925e-06,2e-07,1.8e-07,1e-07,1.75e-07,2e-07,3.75e-08,6.3e-07,0.462013802715385
8,25,-3.375e-06,-2.475e-06,2.75e-07,1.8e-07,1e-07,2e-07,2e-07,8.75e-08,6.3e-07,0.541704313666096
8,26,-3.375e-06,-2.025e-06,2.75e-07,1.8e-07,1e-07,2e-07,2e-07,8.75e-08,6.3e-07,0.363975705510713
8,27,-3.375e-06,-1.575e-06,2.25e-07,1.8e-07,1.2e-07,1.75e-07,2e-07,7e-08,6.3e-07,0.42239713603444
8,28,-3.375e-06,-1.125e-06,2e-07,1.7e-07,1.1e-07,2e-07,2e-07,6e-08,6.3e-07,0.55813989901367
8,29,-3.375e-06,-6.74999999999999e-07,2e-07,1.7e-07,1.1e-07,2e-07,2e-07,6e-08,6.3e-07,0.618255448015753
8,30,-3.375e-06,-2.25e-07,2.75e-07,1.75e-07,1.1e-07,2.25e-07,2e-07,1.1e-07,6.3e-07,0.660561481225291
8,31,-3.375e-06,2.25e-07,2.75e-07,1.75e-07,1.1e-07,2.25e-07,2e-07,1.1e-07,6.3e-07,0.594337458947017
8,32,-3.375e-06,6.74999999999999e-07,2.75e-07,1.75e-07,1.1e-07,2.25e-07,2e-07,1.1e-07,6.3e-07,0.629152829642413
8,33,-3.375e-06,1.125e-06,2.75e-07,1.75e-07,1.1e-07,2.25e-07,2e-07,1.1e-07,6.3e-07,0.754253727666776
8,34,-3.375e-06,1.575e-06,2.75e-07,1.75e-07,1.1e-07,2.25e-07,2e-07,1.1e-07,6.3e-07,0.980061881071967
8,35,-3.375e-06,2.025e-06,2.75e-07,1.8e-07,1e-07,2e-07,2e-07,8.75e-08,6.3e-07,1.31497179619167
8,36,-3.375e-06,2.475e-06,2.75e-07,1.8e-07,1e-07,2e-07,2e-07,8.75e-08,6.3e-07,1.12271931674174
8,37,-3.375e-06,2.925e-06,2e-07,1.75e-07,1.2e-07,2e-07,2e-07,7e-08,6.3e-07,1.0122944128477
8,38,-3.375e-06,3.375e-06,2e-07,1.75e-07,1.2e-07,2e-07,2e-07,7e-08,6.3e-07,0.412157713682118
8,39,-3.375e-06,3.825e-06,2e-07,1.75e-07,1.2e-07,2e-07,2e-07,7e-08,6.3e-07,0.066815428368383
8,40,-3.375e-06,4.275e-06,2.75e-07,1.8e-07,1.1e-07,2e-07,2e-07,9.75e-08,6.3e-07,0.116431942432758
8,41,-3.375e-06,4.725e-06,2.75e-07,1.8e-07,1.1e-07,2e-07,2e-07,9.75e-08,6.3e-07,0.409773395800804
8,42,-3.375e-06,5.175e-06,2.5e-07,1.75e-07,1.2e-07,1.5e-07,2e-07,7e-08,6.3e-07,0.340932155478203
8,43,-3.375e-06,5.625e-06,2e-07,1.75e-07,1e-07,1.5e-07,2e-07,2.5e-08,6.3e-07,0.354905951163814
8,44,-3.375e-06,6.075e-06,2.75e-07,1.8e-07,1.2e-07,1.5e-07,2e-07,8.25e-08,6.3e-07,0.736974434558902
8,45,-3.375e-06,6.525e-06,2.75e-07,1.8e-07,1.2e-07,1.5e-07,2e-07,8.25e-08,6.3e-07,0.217191173483982
8,46,-3.375e-06,6.975e-06,3e-07,1.7e-07,1.1e-07,2.25e-07,2e-07,1.225e-07,6.3e-07,0.695902774735401
8,47,-3.375e-06,7.425e-06,3e-07,1.75e-07,1.1e-07,1.5e-07,2e-07,8.5e-08,6.3e-07,0.169423718119893
8,48,-3.375e-06,7.875e-06,2.5e-07,1.7e-07,1e-07,1.75e-07,2e-07,6.25e-08,6.3e-07,0.21494702387605
8,49,-3.375e-06,8.325e-06,2.5e-07,1.75e-07,1.1e-07,2.25e-07,2e-07,9.75e-08,6.3e-07,0.29385670926257
8,50,-3.375e-06,8.775e-06,2e-07,1.7e-07,1.1e-07,2e-07,2e-07,6e-08,6.3e-07,0.194498514630978
8,51,-3.375e-06,9.225e-06,2.75e-07,1.75e-07,1.1e-07,2e-07,2e-07,9.75e-08,6.3e-07,0.916062568778828
8,52,-3.375e-06,9.675e-06,2.25e-07,1.75e-07,1e-07,1.75e-07,2e-07,5e-08,6.3e-07,0.540330496590124
8,53,-3.375e-06,1.0125e-05,2.75e-07,1.7e-07,1.2e-07,2.5e-07,2e-07,1.325e-07,6.3e-07,0.230326165872603
8,54,-3.375e-06,1.0575e-05,3e-07,1.7e-07,1e-07,2.5e-07,2e-07,1.25e-07,6.3e-07,1.09367657787498
8,55,-3.375e-06,1.1025e-05,2e-07,1.75e-07,1.2e-07,2e-07,2e-07,7e-08,6.3e-07,1.24605920442631
8,56,-3.375e-06,1.1475e-05,2e-07,1.75e-07,1.2e-07,2e-07,2e-07,7e-08,6.3e-07,0.0128091059887958
8,57,-3.375e-06,1.1925e-05,3e-07,1.7e-07,1.1e-07,1.5e-07,2e-07,8.5e-08,6.3e-07,0.621954495423925
8,58,-3.375e-06,1.2375e-05,2.25e-07,1.7e-07,1e-07,2e-07,2e-07,6.25e-08,6.3e-07,0.629193712461779
8,59,-3.375e-06,1.2825e-05,2e-07,1.7e-07,1e-07,2.5e-07,2e-07,7.5e-08,6.3e-07,0.16098414428308
8,60,-3.375e-06,1.3275e-05,3e-07,1.7e-07,1.1e-07,2.25e-07,2e-07,1.225e-07,6.3e-07,0.269398779646474
9,1,-2.025e-06,-1.3275e-05,3e-07,1.75e-07,1.1e-07,2.25e-07,2e-07,1.225e-07,6.3e-07,0.0145815751467721
9,2,-2.025e-06,-1.2825e-05,3e-07,1.8e-07,1e-07,2.5e-07,2e-07,1.25e-07,6.3e-07,0.109410209023193
9,3,-2.025e-06,-1.2375e-05,2.25e-07,1.8e-07,1e-07,2e-07,2e-07,6.25e-08,6.3e-07,0.0208269416471608
9,4,-2.025e-06,-1.1925e-05,2.25e-07,1.7e-07,1e-07,2e-07,2e-07,6.25e-08,6.3e-07,0.106632107755308
9,5,-2.025e-06,-1.1475e-05,2.75e-07,1.75e-07,1.2e-07,1.5e-07,2e-07,8.25e-08,6.3e-07,0.0106544448544997
9,6,-2.025e-06,-1.1025e-05,2.75e-07,1.8e-07,1.1e-07,2e-07,2e-07,9.75e-08,6.3e-07,0.311654066966049
9,7,-2.025e-06,-1.0575e-05,2.75e-07,1.8e-07,1e-07,2e-07,2e-07,8.75e-08,6.3e-07,0.622639708505327
9,8,-2.025e-06,-1.0125e-05,2.75e-07,1.75e-07,1.1e-07,2.25e-07,2e-07,1.1e-07,6.3e-07,1.19085233721313
9,9,-2.025e-06,-9.675e-06,2e-07,1.8e-07,1.2e-07,2.5e-07,2e-07,9.5e-08,6.3e-07,1.09234628617464
9,10,-2.025e-06,-9.225e-06,2e-07,1.8e-07,1.1e-07,2.5e-07,2e-07,8.5e-08,6.3e-07,0.606413383571422
9,11,-2.025e-06,-8.775e-06,2.5e-07,1.7e-07,1e-07,1.5e-07,2e-07,5e-08,6.3e-07,0.419834196479993
9,12,-2.025e-06,-8.325e-06,2.75e-07,1.8e-07,1.1e-07,1.75e-07,2e-07,8.5e-08,6.3e-07,0.0890218770200266
9,13,-2.025e-06,-7.875e-06,3e-07,1.75e-07,1.1e-07,2e-07,2e-07,1.1e-07,6.3e-07,0.676697337919066
9,14,-2.025e-06,-7.425e-06,2.5e-07,1.8e-07,1.1e-07,2.5e-07,2e-07,1.1e-07,6.3e-07,0.103724321236912
9,15,-2.025e-06,-6.975e-06,2e-07,1.8e-07,1e-07,2e-07,2e-07,5e-08,6.3e-07,0.113095288180235
9,16,-2.025e-06,-6.525e-06,3e-07,1.8e-07,1e-07,2.5e-07,2e-07,1.25e-07,6.3e-07,0.476445104718102
9,17,-2.025e-06,-6.075e-06,2.25e-07,1.8e-07,1e-07,2e-07,2e-07,6.25e-08,6.3e-07,0.25309299059779
9,18,-2.025e-06,-5.625e-06,2.25e-07,1.7e-07,1e-07,2e-07,2e-07,6.25e-08,6.3e-07,0.0601084220112553
9,19,-2.025e-06,-5.175e-06,2.25e-07,1.7e-07,1e-07,2e-07,2e-07,6.25e-08,6.3e-07,0.241238724221514
9,20,-2.025e-06,-4.725e-06,2.75e-07,1.75e-07,1.2e-07,1.5e-07,2e-07,8.25e-08,6.3e-07,0.0252107539745112
9,21,-2.025e-06,-4.275e-06,2e-07,1.8e-07,1e-07,1.75e-07,2e-07,3.75e-08,6.3e-07,0.00822089846070269
9,22,-2.025e-06,-3.825e-06,2e-07,1.8e-07,1e-07,1.75e-07,2e-07,3.75e-08,6.3e-07,0.336346564214119
9,23,-2.025e-06,-3.375e-06,2.75e-07,1.8e-07,1e-07,2e-07,2e-07,8.75e-08,6.3e-07,0.655335506101762
9,24,-2.025e-06,-2.925e-06,2.25e-07,1.8e-07,1.2e-07,1.75e-07,2e-07,7e-08,6.3e-07,0.395168842273634
9,25,-2.025e-06,-2.475e-06,2e-07,1.7e-07,1.1e-07,2e-07,2e-07,6e-08,6.3e-07,0.136165686904435
9,26,-2.025e-06,-2.025e-06,2e-07,1.7e-07,1.1e-07,2e-07,2e-07,6e-08,6.3e-07,0.187734008859836
9,27,-2.025e-06,-1.575e-06,2.5e-07,1.75e-07,1.1e-07,2.25e-07,2e-07,9.75e-08,6.3e-07,0.490947825758964
9,28,-2.025e-06,-1.125e-06,2.5e-07,1.7e-07,1e-07,1.75e-07,2e-07,6.25e-08,6.3e-07,0.555631375291124
9,29,-2.025e-06,-6.74999999999999e-07,2.5e-07,1.7e-07,1e-07,1.75e-07,2e-07,6.25e-08,6.3e-07,0.197101110641812
9,30,-2.025e-06,-2.25e-07,2.5e-07,1.7e-07,1e-07,1.75e-07,2e-07,6.25e-08,6.3e-07,0.0401311530622945
9,31,-2.025e-06,2.25e-07,2.5e-07,1.7e-07,1e-07,1.75e-07,2e-07,6.25e-08,6.3e-07,0.0163776582422757
9,32,-2.025e-06,6.74999999999999e-07,3e-07,1.75e-07,1.1e-07,1.5e-07,2e-07,8.5e-08,6.3e-07,0.0213263731885992
9,33,-2.025e-06,1.125e-06,3e-07,1.75e-07,1.1e-07,1.5e-07,2e-07,8.5e-08,6.3e-07,0.0730936450744809
9,34,-2.025e-06,1.575e-06,3e-07,1.75e-07,1.1e-07,1.5e-07,2e-07,8.5e-08,6.3e-07,0.244707612557368
9,35,-2.025e-06,2.025e-06,3e-07,1.75e-07,1.1e-07,1.5e-07,2e-07,8.5e-08,6.3e-07,0.580368775050082
9,36,-2.025e-06,2.475e-06,2.75e-07,1.75e-07,1.1e-07,2.25e-07,2e-07,1.1e-07,6.3e-07,0.983508525541544
9,37,-2.025e-06,2.925e-06,2.75e-07,1.75e-07,1.1e-07,2.25e-07,2e-07,1.1e-07,6.3e-07,1.07002410968264
9,38,-2.025e-06,3.375e-06,2.75e-07,1.75e-07,1.1e-07,2.25e-07,2e-07,1.1e-07,6.3e-07,1.39880038950922
9,39,-2.025e-06,3.825e-06,2.75e-07,1.8e-07,1e-07,2e-07,2e-07,8.75e-08,6.3e-07,1.72920981448466
9,40,-2.025e-06,4.275e-06,2e-07,1.75e-07,1.2e-07,2e-07,2e-07,7e-08,6.3e-07,0.828472177343801
9,41,-2.025e-06,4.725e-06,2e-07,1.75e-07,1.2e-07,2e-07,2e-07,7e-08,6.3e-07,0.120863447258585
9,42,-2.025e-06,5.175e-06,2e-07,1.75e-07,1.2e-07,2e-07,2e-07,7e-08,6.3e-07,0.0796575315418641
9,43,-2.025e-06,5.625e-06,2.75e-07,1.8e-07,1.1e-07,2e-07,2e-07,9.75e-08,6.3e-07,0.593353402096925
9,44,-2.025e-06,6.075e-06,2.5e-07,1.75e-07,1.2e-07,1.5e-07,2e-07,7e-08,6.3e-07,0.220707108851045
9,45,-2.025e-06,6.525e-06,2e-07,1.75e-07,1e-07,1.5e-07,2e-07,2.5e-08,6.3e-07,0.3633957344525
9,46,-2.025e-06,6.975e-06,2.75e-07,1.8e-07,1.2e-07,1.5e-07,2e-07,8.25e-08,6.3e-07,0.301547794483783
9,47,-2.025e-06,7.425e-06,2e-07,1.8e-07,1.2e-07,1.75e-07,2e-07,5.75e-08,6.3e-07,0.422138644180067
9,48,-2.025e-06,7.875e-06,3e-07,1.75e-07,1.1e-07,1.5e-07,2e-07,8.5e-08,6.3e-07,0.242212123510617
9,49,-2.025e-06,8.325e-06,2.5e-07,1.7e-07,1e-07,1.75e-07,2e-07,6.25e-08,6.3e-07,0.0950383842381968
9,50,-2.025e-06,8.775e-06,2.5e-07,1.75e-07,1.1e-07,2.25e-07,2e-07,9.75e-08,6.3e-07,0.376668547185737
9,51,-2.025e-06,9.225e-06,2e-07,1.7e-07,1.1e-07,2e-07,2e-07,6e-08,6.3e-07,0.153872000390094
9,52,-2.025e-06,9.675e-06,2.75e-07,1.75e-07,1.1e-07,2e-07,2e-07,9.75e-08,6.3e-07,0.960672511937264
9,53,-2.025e-06,1.0125e-05,2.25e-07,1.75e-07,1e-07,1.75e-07,2e-07,5e-08,6.3e-07,0.435221479903802
9,54,-2.025e-06,1.0575e-05,2.75e-07,1.7e-07,1.2e-07,2.5e-07,2e-07,1.325e-07,6.3e-07,0.188865178691495
9,55,-2.025e-06,1.1025e-05,2.5e-07,1.75e-07,1.2e-07,1.75e-07,2e-07,8.25e-08,6.3e-07,1.23510854583328
9,56,-2.025e-06,1.1475e-05,2e-07,1.75e-07,1.2e-07,2e-07,2e-07,7e-08,6.3e-07,0.868794913844719
9,57,-2.025e-06,1.1925e-05,2e-07,1.75e-07,1.2e-07,2e-07,2e-07,7e-08,6.3e-07,0.0851024319223232
9,58,-2.025e-06,1.2375e-05,2.5e-07,1.75e-07,1.2e-07,1.5e-07,2e-07,7e-08,6.3e-07,0.494878985817927
9,59,-2.025e-06,1.2825e-05,2.25e-07,1.7e-07,1e-07,2e-07,2e-07,6.25e-08,6.3e-07,0.428855574516381
9,60,-2.025e-06,1.3275e-05,2e-07,1.7e-07,1e-07,2.5e-07,2e-07,7.5e-08,6.3e-07,0.539306842405796
10,1,-6.74999999999999e-07,-1.3275e-05,3e-07,1.75e-07,1.1e-07,2.25e-07,2e-07,1.225e-07,6.3e-07,0.121805813404551
10,2,-6.74999999999999e-07,-1.2825e-05,3e-07,1.8e-07,1e-07,2.5e-07,2e-07,1.25e-07,6.3e-07,0.0111411645501703
10,3,-6.74999999999999e-07,-1.2375e-05,2.25e-07,1.8e-07,1e-07,2e-07,2e-07,6.25e-08,6.3e-07,0.164015227067638
10,4,-6.74999999999999e-07,-1.1925e-05,2.25e-07,1.7e-07,1e-07,2e-07,2e-07,6.25e-08,6.3e-07,0.270819502063561
10,5,-6.74999999999999e-07,-1.1475e-05,2e-07,1.8e-07,1e-07,1.75e-07,2e-07,3.75e-08,6.3e-07,0.0496214402529456
10,6,-6.74999999999999e-07,-1.1025e-05,2.75e-07,1.8e-07,1.1e-07,2e-07,2e-07,9.75e-08,6.3e-07,0.443216256451085
10,7,-6.74999999999999e-07,-1.0575e-05,2.75e-07,1.8e-07,1e-07,2e-07,2e-07,8.75e-08,6.3e-07,0.857044679245958
10,8,-6.74999999999999e-07,-1.0125e-05,2.75e-07,1.75e-07,1.1e-07,2.25e-07,2e-07,1.1e-07,6.3e-07,1.1430648377456
10,9,-6.74999999999999e-07,-9.675e-06,2.25e-07,1.7e-07,1e-07,1.75e-07,2e-07,5e-08,6.3e-07,0.862876064064337
10,10,-6.74999999999999e-07,-9.225e-06,2.5e-07,1.7e-07,1e-07,1.5e-07,2e-07,5e-08,6.3e-07,0.353417444839728
10,11,-6.74999999999999e-07,-8.775e-06,2.75e-07,1.75e-07,1e-07,2e-07,2e-07,8.75e-08,6.3e-07,0.18275926634829
10,12,-6.74999999999999e-07,-8.325e-06,2.75e-07,1.8e-07,1.1e-07,1.75e-07,2e-07,8.5e-08,6.3e-07,0.17236321709339
10,13,-6.74999999999999e-07,-7.875e-06,3e-07,1.75e-07,1.1e-07,2e-07,2e-07,1.1e-07,6.3e-07,0.558668324663322
10,14,-6.74999999999999e-07,-7.425e-06,3e-07,1.75e-07,1e-07,1.75e-07,2e-07,8.75e-08,6.3e-07,0.104522282189855
10,15,-6.74999999999999e-07,-6.975e-06,2e-07,1.8e-07,1e-07,2e-07,2e-07,5e-08,6.3e-07,0.236444299040209
10,16,-6.74999999999999e-07,-6.525e-06,2.25e-07,1.8e-07,1e-07,2e-07,2e-07,6.25e-08,6.3e-07,0.19712775200749
10,17,-6.74999999999999e-07,-6.075e-06,2e-07,1.7e-07,1e-07,2.5e-07,2e-07,7.5e-08,6.3e-07,0.337826443378387
10,18,-6.74999999999999e-07,-5.625e-06,2.25e-07,1.7e-07,1e-07,2e-07,2e-07,6.25e-08,6.3e-07,0.0672012947163266
10,19,-6.74999999999999e-07,-5.175e-06,2.75e-07,1.75e-07,1.2e-07,1.5e-07,2e-07,8.25e-08,6.3e-07,0.24992040510878
10,20,-6.74999999999999e-07,-4.725e-06,2e-07,1.75e-07,1.1e-07,1.5e-07,2e-07,3.5e-08,6.3e-07,0.0644684615990169
10,21,-6.74999999999999e-07,-4.275e-06,2e-07,1.8e-07,1e-07,1.75e-07,2e-07,3.75e-08,6.3e-07,0.191115733881182
10,22,-6.74999999999999e-07,-3.825e-06,2.25e-07,1.7e-07,1.2e-07,2e-07,2e-07,8.25e-08,6.3e-07,0.736215759921853
10,23,-6.74999999999999e-07,-3.375e-06,2.25e-07,1.8e-07,1.2e-07,1.75e-07,2e-07,7e-08,6.3e-07,0.61977375941983
10,24,-6.74999999999999e-07,-2.925e-06,2e-07,1.7e-07,1.1e-07,2e-07,2e-07,6e-08,6.3e-07,0.130321804127783
10,25,-6.74999999999999e-07,-2.475e-06,2.5e-07,1.75e-07,1.1e-07,2.25e-07,2e-07,9.75e-08,6.3e-07,0.124378690169224
10,26,-6.74999999999999e-07,-2.025e-06,2e-07,1.75e-07,1.2e-07,2.5e-07,2e-07,9.5e-08,6.3e-07,0.318171880431216
10,27,-6.74999999999999e-07,-1.575e-06,2.5e-07,1.8e-07,1.1e-07,2.5e-07,2e-07,1.1e-07,6.3e-07,0.175215392167437
10,28,-6.74999999999999e-07,-1.125e-06,2.5e-07,1.8e-07,1.1e-07,2.5e-07,2e-07,1.1e-07,6.3e-07,0.0699479548059627
10,29,-6.74999999999999e-07,-6.74999999999999e-07,2e-07,1.8e-07,1e-07,2e-07,2e-07,5e-08,6.3e-07,0.200095269375707
10,30,-6.74999999999999e-07,-2.25e-07,3e-07,1.7e-07,1.1e-07,2.25e-07,2e-07,1.225e-07,6.3e-07,0.196399936981958
10,31,-6.74999999999999e-07,2.25e-07,3e-07,1.7e-07,1.1e-07,2.25e-07,2e-07,1.225e-07,6.3e-07,0.385926416176517
10,32,-6.74999999999999e-07,6.74999999999999e-07,2.75e-07,1.8e-07,1.2e-07,1.5e-07,2e-07,8.25e-08,6.3e-07,0.569847757341975
10,33,-6.74999999999999e-07,1.125e-06,2e-07,1.8e-07,1.2e-07,1.75e-07,2e-07,5.75e-08,6.3e-07,0.423405631052632
10,34,-6.74999999999999e-07,1.575e-06,2e-07,1.8e-07,1.2e-07,1.75e-07,2e-07,5.75e-08,6.3e-07,0.587642048975267
10,35,-6.74999999999999e-07,2.025e-06,2.25e-07,1.7e-07,1.2e-07,2.5e-07,2e-07,1.075e-07,6.3e-07,0.683710364068431
10,36,-6.74999999999999e-07,2.475e-06,2.25e-07,1.7e-07,1.2e-07,2.5e-07,2e-07,1.075e-07,6.3e-07,0.696089831591782
10,37,-6.74999999999999e-07,2.925e-06,2.25e-07,1.7e-07,1e-07,1.75e-07,2e-07,5e-08,6.3e-07,0.846307133987244
10,38,-6.74999999999999e-07,3.375e-06,2e-07,1.8e-07,1.2e-07,2.5e-07,2e-07,9.5e-08,6.3e-07,1.06541904442867
10,39,-6.74999999999999e-07,3.825e-06,2e-07,1.8e-07,1.2e-07,2.5e-07,2e-07,9.5e-08,6.3e-07,1.37031321307301
10,40,-6.74999999999999e-07,4.275e-06,2.75e-07,1.75e-07,1.1e-07,2.25e-07,2e-07,1.1e-07,6.3e-07,2.11741083720647
10,41,-6.74999999999999e-07,4.725e-06,2e-07,1.75e-07,1.2e-07,2e-07,2e-07,7e-08,6.3e-07,1.15353669558673
10,42,-6.74999999999999e-07,5.175e-06,2e-07,1.75e-07,1.2e-07,2e-07,2e-07,7e-08,6.3e-07,0.222802701857718
10,43,-6.74999999999999e-07,5.625e-06,2e-07,1.75e-07,1.2e-07,2e-07,2e-07,7e-08,6.3e-07,0.0948460794591424
10,44,-6.74999999999999e-07,6.075e-06,2.5e-07,1.75e-07,1.2e-07,1.5e-07,2e-07,7e-08,6.3e-07,0.632221392665475
10,45,-6.74999999999999e-07,6.525e-06,2.5e-07,1.75e-07,1.2e-07,1.5e-07,2e-07,7e-08,6.3e-07,0.185547869891316
10,46,-6.74999999999999e-07,6.975e-06,2e-07,1.75e-07,1e-07,1.5e-07,2e-07,2.5e-08,6.3e-07,0.417980055291937
10,47,-6.74999999999999e-07,7.425e-06,2.75e-07,1.8e-07,1.2e-07,1.5e-07,2e-07,8.25e-08,6.3e-07,0.202467611235146
10,48,-6.74999999999999e-07,7.875e-06,2e-07,1.8e-07,1.2e-07,1.75e-07,2e-07,5.75e-08,6.3e-07,0.618822540791005
10,49,-6.74999999999999e-07,8.325e-06,3e-07,1.75e-07,1.1e-07,1.5e-07,2e-07,8.5e-08,6.3e-07,0.0563508959316386
10,50,-6.74999999999999e-07,8.775e-06,2.5e-07,1.7e-07,1e-07,1.75e-07,2e-07,6.25e-08,6.3e-07,0.395912617759953
10,51,-6.74999999999999e-07,9.225e-06,2e-07,1.7e-07,1.1e-07,2e-07,2e-07,6e-08,6.3e-07,0.110248954792451
10,52,-6.74999999999999e-07,9.675e-06,2.75e-07,1.75e-07,1.1e-07,2e-07,2e-07,9.75e-08,6.3e-07,0.563020920191716
10,53,-6.74999999999999e-07,1.0125e-05,2.25e-07,1.75e-07,1e-07,1.75e-07,2e-07,5e-08,6.3e-07,1.01643136541046
10,54,-6.74999999999999e-07,1.0575e-05,2.25e-07,1.75e-07,1e-07,1.75e-07,2e-07,5e-08,6.3e-07,0.333667330002266
10,55,-6.74999999999999e-07,1.1025e-05,2.75e-07,1.7e-07,1.2e-07,2.5e-07,2e-07,1.325e-07,6.3e-07,0.560880924739696
10,56,-6.74999999999999e-07,1.1475e-05,2.25e-07,1.7e-07,1.2e-07,1.5e-07,2e-07,5.75e-08,6.3e-07,1.33977059763075
10,57,-6.74999999999999e-07,1.1925e-05,2e-07,1.75e-07,1.2e-07,2e-07,2e-07,7e-08,6.3e-07,0.108677045703435
10,58,-6.74999999999999e-07,1.2375e-05,3e-07,1.7e-07,1.1e-07,1.5e-07,2e-07,8.5e-08,6.3e-07,0.538214872718703
10,59,-6.74999999999999e-07,1.2825e-05,2.75e-07,1.8e-07,1.1e-07,2.5e-07,2e-07,1.225e-07,6.3e-07,0.635913192915843
10,60,-6.74999999999999e-07,1.3275e-05,2e-07,1.7e-07,1e-07,2.5e-07,2e-07,7.5e-08,6.3e-07,0.141981736563896
11,1,6.75000000000001e-07,-1.3275e-05,3e-07,1.75e-07,1.1e-07,2.25e-07,2e-07,1.225e-07,6.3e-07,0.0702951421885251
11,2,6.75000000000001e-07,-1.2825e-05,3e-07,1.8e-07,1e-07,2.5e-07,2e-07,1.25e-07,6.3e-07,0.031882216519148
11,3,6.75000000000001e-07,-1.2375e-05,2.25e-07,1.8e-07,1e-07,2e-07,2e-07,6.25e-08,6.3e-07,0.106069319185391
11,4,6.75000000000001e-07,-1.1925e-05,2.25e-07,1.7e-07,1e-07,2e-07,2e-07,6.25e-08,6.3e-07,0.231530825764637
11,5,6.75000000000001e-07,-1.1475e-05,2e-07,1.8e-07,1e-07,1.75e-07,2e-07,3.75e-08,6.3e-07,0.082920635876535
11,6,6.75000000000001e-07,-1.1025e-05,2.75e-07,1.8e-07,1.1e-07,2e-07,2e-07,9.75e-08,6.3e-07,0.441760006740816
11,7,6.75000000000001e-07,-1.0575e-05,2.75e-07,1.8e-07,1e-07,2e-07,2e-07,8.75e-08,6.3e-07,0.702904766206522
11,8,6.75000000000001e-07,-1.0125e-05,2.75e-07,1.75e-07,1.1e-07,2.25e-07,2e-07,1.1e-07,6.3e-07,1.0222540437708
11,9,6.75000000000001e-07,-9.675e-06,2.25e-07,1.7e-07,1e-07,1.75e-07,2e-07,5e-08,6.3e-07,0.954276539183429
11,10,6.75000000000001e-07,-9.225e-06,2.5e-07,1.7e-07,1e-07,1.5e-07,2e-07,5e-08,6.3e-07,0.44780110444585
11,11,6.75000000000001e-07,-8.775e-06,2.75e-07,1.75e-07,1e-07,2e-07,2e-07,8.75e-08,6.3e-07,0.308034175081265
11,12,6.75000000000001e-07,-8.325e-06,2.75e-07,1.8e-07,1.1e-07,1.75e-07,2e-07,8.5e-08,6.3e-07,0.148073524223555
11,13,6.75000000000001e-07,-7.875e-06,3e-07,1.75e-07,1.1e-07,2e-07,2e-07,1.1e-07,6.3e-07,0.665047200199926
11,14,6.75000000000001e-07,-7.425e-06,3e-07,1.75e-07,1e-07,1.75e-07,2e-07,8.75e-08,6.3e-07,0.0877225302122424
11,15,6.75000000000001e-07,-6.975e-06,2e-07,1.8e-07,1e-07,2e-07,2e-07,5e-08,6.3e-07,0.159184234568381
11,16,6.75000000000001e-07,-6.525e-06,2.25e-07,1.8e-07,1e-07,2e-07,2e-07,6.25e-08,6.3e-07,0.256612001027612
11,17,6.75000000000001e-07,-6.075e-06,2.25e-07,1.8e-07,1e-07,2e-07,2e-07,6.25e-08,6.3e-07,0.160720315711131
11,18,6.75000000000001e-07,-5.625e-06,2.25e-07,1.7e-07,1e-07,2e-07,2e-07,6.25e-08,6.3e-07,0.148933517107296
11,19,6.75000000000001e-07,-5.175e-06,2.75e-07,1.7e-07,1.2e-07,2.5e-07,2e-07,1.325e-07,6.3e-07,0.396765417819442
11,20,6.75000000000001e-07,-4.725e-06,2.5e-07,1.7e-07,1e-07,2e-07,2e-07,7.5e-08,6.3e-07,0.0689441848903425
11,21,6.75000000000001e-07,-4.275e-06,2e-07,1.8e-07,1e-07,1.75e-07,2e-07,3.75e-08,6.3e-07,0.252815469418853
11,22,6.75000000000001e-07,-3.825e-06,2e-07,1.8e-07,1e-07,1.75e-07,2e-07,3.75e-08,6.3e-07,0.724098153963893
11,23,6.75000000000001e-07,-3.375e-06,2.25e-07,1.7e-07,1.2e-07,2e-07,2e-07,8.25e-08,6.3e-07,0.777404517475623
11,24,6.75000000000001e-07,-2.925e-06,2.75e-07,1.75e-07,1.1e-07,2e-07,2e-07,9.75e-08,6.3e-07,0.474212728604619
11,25,6.75000000000001e-07,-2.475e-06,2e-07,1.7e-07,1.1e-07,2e-07,2e-07,6e-08,6.3e-07,0.371232442245173
11,26,6.75000000000001e-07,-2.025e-06,2.75e-07,1.8e-07,1e-07,2.5e-07,2e-07,1.125e-07,6.3e-07,0.528697928783145
11,27,6.75000000000001e-07,-1.575e-06,3e-07,1.75e-07,1.1e-07,2e-07,2e-07,1.1e-07,6.3e-07,0.520240190222557
11,28,6.75000000000001e-07,-1.125e-06,3e-07,1.75e-07,1.1e-07,2e-07,2e-07,1.1e-07,6.3e-07,0.603708760973227
11,29,6.75000000000001e-07,-6.74999999999999e-07,3e-07,1.75e-07,1.1e-07,2.25e-07,2e-07,1.225e-07,6.3e-07,0.286101696632383
11,30,6.75000000000001e-07,-2.25e-07,3e-07,1.75e-07,1.1e-07,2.25e-07,2e-07,1.225e-07,6.3e-07,0.234832483375139
11,31,6.75000000000001e-07,2.25e-07,2e-07,1.75e-07,1e-07,1.5e-07,2e-07,2.5e-08,6.3e-07,0.0892688183784645
11,32,6.75000000000001e-07,6.74999999999999e-07,2e-07,1.75e-07,1e-07,1.5e-07,2e-07,2.5e-08,6.3e-07,0.510688210519191
11,33,6.75000000000001e-07,1.125e-06,2e-07,1.8e-07,1.2e-07,1.75e-07,2e-07,5.75e-08,6.3e-07,0.523495373483644
11,34,6.75000000000001e-07,1.575e-06,2e-07,1.8e-07,1.2e-07,1.75e-07,2e-07,5.75e-08,6.3e-07,0.443268542833736
11,35,6.75000000000001e-07,2.025e-06,2.5e-07,1.7e-07,1e-07,1.5e-07,2e-07,5e-08,6.3e-07,0.527946883994383
11,36,6.75000000000001e-07,2.475e-06,2.5e-07,1.7e-07,1e-07,1.5e-07,2e-07,5e-08,6.3e-07,0.582546505618644
11,37,6.75000000000001e-07,2.925e-06,2.25e-07,1.7e-07,1e-07,1.75e-07,2e-07,5e-08,6.3e-07,0.680168235291958
11,38,6.75000000000001e-07,3.375e-06,2e-07,1.8e-07,1.1e-07,2.25e-07,2e-07,7.25e-08,6.3e-07,0.92479240094773
11,39,6.75000000000001e-07,3.825e-06,2e-07,1.8e-07,1.2e-07,2.5e-07,2e-07,9.5e-08,6.3e-07,1.22820599529233
11,40,6.75000000000001e-07,4.275e-06,3e-07,1.7e-07,1e-07,2.5e-07,2e-07,1.25e-07,6.3e-07,1.9166467094722
11,41,6.75000000000001e-07,4.725e-06,2e-07,1.75e-07,1.2e-07,2e-07,2e-07,7e-08,6.3e-07,1.6550621603606
11,42,6.75000000000001e-07,5.175e-06,2e-07,1.75e-07,1.2e-07,2e-07,2e-07,7e-08,6.3e-07,0.506939034698287
11,43,6.75000000000001e-07,5.625e-06,2e-07,1.75e-07,1.2e-07,2e-07,2e-07,7e-08,6.3e-07,0.108235493605858
11,44,6.75000000000001e-07,6.075e-06,3e-07,1.75e-07,1.1e-07,2.25e-07,2e-07,1.225e-07,6.3e-07,0.591587769686491
11,45,6.75000000000001e-07,6.525e-06,2.5e-07,1.75e-07,1.2e-07,1.5e-07,2e-07,7e-08,6.3e-07,0.170556798085518
11,46,6.75000000000001e-07,6.975e-06,2e-07,1.75e-07,1e-07,1.5e-07,2e-07,2.5e-08,6.3e-07,0.224340652791234
11,47,6.75000000000001e-07,7.425e-06,2.75e-07,1.8e-07,1.2e-07,1.5e-07,2e-07,8.25e-08,6.3e-07,0.278016847885745
11,48,6.75000000000001e-07,7.875e-06,2e-07,1.8e-07,1.2e-07,1.75e-07,2e-07,5.75e-08,6.3e-07,0.432610805416765
11,49,6.75000000000001e-07,8.325e-06,3e-07,1.75e-07,1.1e-07,1.5e-07,2e-07,8.5e-08,6.3e-07,0.0813671081190655
11,50,6.75000000000001e-07,8.775e-06,2.5e-07,1.7e-07,1e-07,1.75e-07,2e-07,6.25e-08,6.3e-07,0.249448157235025
11,51,6.75000000000001e-07,9.225e-06,2.5e-07,1.75e-07,1.1e-07,2.25e-07,2e-07,9.75e-08,6.3e-07,0.174373341836581
11,52,6.75000000000001e-07,9.675e-06,2e-07,1.7e-07,1.1e-07,2e-07,2e-07,6e-08,6.3e-07,0.45747764592382
11,53,6.75000000000001e-07,1.0125e-05,2e-07,1.8e-07,1e-07,1.75e-07,2e-07,3.75e-08,6.3e-07,1.08869939119055
11,54,6.75000000000001e-07,1.0575e-05,2.25e-07,1.75e-07,1e-07,1.75e-07,2e-07,5e-08,6.3e-07,0.24661521994202
11,55,6.75000000000001e-07,1.1025e-05,2.75e-07,1.7e-07,1.2e-07,2.5e-07,2e-07,1.325e-07,6.3e-07,0.404563352518472
11,56,6.75000000000001e-07,1.1475e-05,2.25e-07,1.8e-07,1e-07,2e-07,2e-07,6.25e-08,6.3e-07,1.33014839970452
11,57,6.75000000000001e-07,1.1925e-05,2e-07,1.75e-07,1.2e-07,2e-07,2e-07,7e-08,6.3e-07,0.191503033690795
11,58,6.75000000000001e-07,1.2375e-05,2.75e-07,1.8e-07,1.1e-07,2e-07,2e-07,9.75e-08,6.3e-07,0.488980567414396
11,59,6.75000000000001e-07,1.2825e-05,2.75e-07,1.8e-07,1.1e-07,2.5e-07,2e-07,1.225e-07,6.3e-07,0.575600304743771
11,60,6.75000000000001e-07,1.3275e-05,2e-07,1.7e-07,1e-07,2.5e-07,2e-07,7.5e-08,6.3e-07,0.135475164102393
12,1,2.025e-06,-1.3275e-05,3e-07,1.75e-07,1.1e-07,2.25e-07,2e-07,1.225e-07,6.3e-07,0.0921194864188953
12,2,2.025e-06,-1.2825e-05,3e-07,1.8e-07,1e-07,2.5e-07,2e-07,1.25e-07,6.3e-07,0.400929019357016
12,3,2.025e-06,-1.2375e-05,2.25e-07,1.8e-07,1e-07,2e-07,2e-07,6.25e-08,6.3e-07,0.0983227181928469
12,4,2.025e-06,-1.1925e-05,2.5e-07,1.75e-07,1.2e-07,1.75e-07,2e-07,8.25e-08,6.3e-07,0.197242311603177
12,5,2.025e-06,-1.1475e-05,2.75e-07,1.75e-07,1.2e-07,1.5e-07,2e-07,8.25e-08,6.3e-07,0.0798370423221421
12,6,2.025e-06,-1.1025e-05,2e-07,1.8e-07,1e-07,1.75e-07,2e-07,3.75e-08,6.3e-07,0.146208279879237
12,7,2.025e-06,-1.0575e-05,2.75e-07,1.8e-07,1e-07,2e-07,2e-07,8.75e-08,6.3e-07,0.43480095972408
12,8,2.025e-06,-1.0125e-05,2.75e-07,1.75e-07,1.1e-07,2.25e-07,2e-07,1.1e-07,6.3e-07,1.13431883299787
12,9,2.025e-06,-9.675e-06,2e-07,1.8e-07,1.2e-07,2.5e-07,2e-07,9.5e-08,6.3e-07,1.13925642832916
12,10,2.025e-06,-9.225e-06,2.25e-07,1.7e-07,1e-07,1.75e-07,2e-07,5e-08,6.3e-07,0.656988406946686
12,11,2.025e-06,-8.775e-06,2.5e-07,1.7e-07,1e-07,1.5e-07,2e-07,5e-08,6.3e-07,0.273060227385502
12,12,2.025e-06,-8.325e-06,2.75e-07,1.75e-07,1e-07,2e-07,2e-07,8.75e-08,6.3e-07,0.165694365719044
12,13,2.025e-06,-7.875e-06,2.75e-07,1.8e-07,1.1e-07,1.75e-07,2e-07,8.5e-08,6.3e-07,0.356659175725352
12,14,2.025e-06,-7.425e-06,3e-07,1.75e-07,1e-07,1.75e-07,2e-07,8.75e-08,6.3e-07,0.579832135864308
12,15,2.025e-06,-6.975e-06,3e-07,1.75e-07,1e-07,1.75e-07,2e-07,8.75e-08,6.3e-07,0.0800642057253381
12,16,2.025e-06,-6.525e-06,3e-07,1.8e-07,1e-07,2.5e-07,2e-07,1.25e-07,6.3e-07,0.143315923950691
12,17,2.025e-06,-6.075e-06,2.25e-07,1.8e-07,1e-07,2e-07,2e-07,6.25e-08,6.3e-07,0.146960812193591
12,18,2.025e-06,-5.625e-06,2.25e-07,1.8e-07,1e-07,2e-07,2e-07,6.25e-08,6.3e-07,0.141998771542537
12,19,2.025e-06,-5.175e-06,2.5e-07,1.75e-07,1.2e-07,1.75e-07,2e-07,8.25e-08,6.3e-07,0.180237766559685
12,20,2.025e-06,-4.725e-06,2.75e-07,1.7e-07,1.2e-07,2.5e-07,2e-07,1.325e-07,6.3e-07,0.248678857006817
12,21,2.025e-06,-4.275e-06,2.25e-07,1.75e-07,1e-07,1.75e-07,2e-07,5e-08,6.3e-07,0.0872885221969627
12,22,2.025e-06,-3.825e-06,2.25e-07,1.75e-07,1e-07,1.75e-07,2e-07,5e-08,6.3e-07,0.0764787042954742
12,23,2.025e-06,-3.375e-06,2.25e-07,1.75e-07,1e-07,1.75e-07,2e-07,5e-08,6.3e-07,0.562273893280324
12,24,2.025e-06,-2.925e-06,2.25e-07,1.7e-07,1.2e-07,2e-07,2e-07,8.25e-08,6.3e-07,1.18343898383585
12,25,2.025e-06,-2.475e-06,2.75e-07,1.75e-07,1e-07,2e-07,2e-07,8.75e-08,6.3e-07,0.797780352459411
12,26,2.025e-06,-2.025e-06,2.75e-07,1.75e-07,1e-07,2e-07,2e-07,8.75e-08,6.3e-07,0.458738546927925
12,27,2.025e-06,-1.575e-06,2.75e-07,1.8e-07,1.1e-07,1.75e-07,2e-07,8.5e-08,6.3e-07,0.256373105173959
12,28,2.025e-06,-1.125e-06,2.75e-07,1.8e-07,1.1e-07,1.75e-07,2e-07,8.5e-08,6.3e-07,0.11167127822637
12,29,2.025e-06,-6.74999999999999e-07,2.75e-07,1.8e-07,1.1e-07,1.75e-07,2e-07,8.5e-08,6.3e-07,0.0809567206709971
12,30,2.025e-06,-2.25e-07,2.75e-07,1.8e-07,1.1e-07,1.75e-07,2e-07,8.5e-08,6.3e-07,0.135397191379876
12,31,2.025e-06,2.25e-07,2.75e-07,1.75e-07,1e-07,2e-07,2e-07,8.75e-08,6.3e-07,0.143049374132827
12,32,2.025e-06,6.74999999999999e-07,2.75e-07,1.75e-07,1e-07,2e-07,2e-07,8.75e-08,6.3e-07,0.212810389691756
12,33,2.025e-06,1.125e-06,2.75e-07,1.75e-07,1e-07,2e-07,2e-07,8.75e-08,6.3e-07,0.442480235267745
12,34,2.025e-06,1.575e-06,2.5e-07,1.7e-07,1e-07,1.5e-07,2e-07,5e-08,6.3e-07,0.26841006680677
12,35,2.025e-06,2.025e-06,2.5e-07,1.7e-07,1e-07,1.5e-07,2e-07,5e-08,6.3e-07,0.393666032539396
12,36,2.025e-06,2.475e-06,2e-07,1.8e-07,1.1e-07,2.5e-07,2e-07,8.5e-08,6.3e-07,0.615298291731546
12,37,2.025e-06,2.925e-06,2e-07,1.8e-07,1.1e-07,2.25e-07,2e-07,7.25e-08,6.3e-07,0.714563132923186
12,38,2.025e-06,3.375e-06,2e-07,1.8e-07,1.1e-07,2.25e-07,2e-07,7.25e-08,6.3e-07,0.944521591807599
12,39,2.025e-06,3.825e-06,3e-07,1.7e-07,1e-07,2.5e-07,2e-07,1.25e-07,6.3e-07,1.31579842210771
12,40,2.025e-06,4.275e-06,2.25e-07,1.7e-07,1.2e-07,1.5e-07,2e-07,5.75e-08,6.3e-07,1.77463881280497
12,41,2.025e-06,4.725e-06,2e-07,1.75e-07,1.2e-07,2e-07,2e-07,7e-08,6.3e-07,1.10399391777734
12,42,2.025e-06,5.175e-06,2e-07,1.75e-07,1.2e-07,2e-07,2e-07,7e-08,6.3e-07,0.320929179505453
12,43,2.025e-06,5.625e-06,2e-07,1.75e-07,1.2e-07,2e-07,2e-07,7e-08,6.3e-07,0.345998589216155
12,44,2.025e-06,6.075e-06,3e-07,1.75e-07,1.1e-07,2.25e-07,2e-07,1.225e-07,6.3e-07,0.336766411568449
12,45,2.025e-06,6.525e-06,2e-07,1.75e-07,1e-07,1.5e-07,2e-07,2.5e-08,6.3e-07,0.0671055341486311
12,46,2.025e-06,6.975e-06,2e-07,1.75e-07,1e-07,1.5e-07,2e-07,2.5e-08,6.3e-07,0.524750804350535
12,47,2.025e-06,7.425e-06,2e-07,1.8e-07,1.2e-07,1.75e-07,2e-07,5.75e-08,6.3e-07,0.198958049547175
12,48,2.025e-06,7.875e-06,2.25e-07,1.7e-07,1.2e-07,2.5e-07,2e-07,1.075e-07,6.3e-07,0.701736304972805
12,49,2.025e-06,8.325e-06,3e-07,1.75e-07,1.1e-07,1.5e-07,2e-07,8.5e-08,6.3e-07,0.0213041752895692
12,50,2.025e-06,8.775e-06,2.75e-07,1.75e-07,1.1e-07,2.25e-07,2e-07,1.1e-07,6.3e-07,0.421665135585219
12,51,2.025e-06,9.225e-06,2e-07,1.7e-07,1.1e-07,2e-07,2e-07,6e-08,6.3e-07,0.058254444610288
12,52,2.025e-06,9.675e-06,2.75e-07,1.75e-07,1.1e-07,2e-07,2e-07,9.75e-08,6.3e-07,0.71806834621137
12,53,2.025e-06,1.0125e-05,2.25e-07,1.75e-07,1e-07,1.75e-07,2e-07,5e-08,6.3e-07,0.645091281936152
12,54,2.025e-06,1.0575e-05,2.75e-07,1.7e-07,1.2e-07,2.5e-07,2e-07,1.325e-07,6.3e-07,0.163899003529391
12,55,2.025e-06,1.1025e-05,2.5e-07,1.75e-07,1.2e-07,1.75e-07,2e-07,8.25e-08,6.3e-07,0.765249606130991
12,56,2.025e-06,1.1475e-05,2.25e-07,1.7e-07,1.2e-07,1.5e-07,2e-07,5.75e-08,6.3e-07,1.16021308095462
12,57,2.025e-06,1.1925e-05,2e-07,1.75e-07,1.2e-07,2e-07,2e-07,7e-08,6.3e-07,0.0741356504431114
12,58,2.025e-06,1.2375e-05,2.5e-07,1.75e-07,1.2e-07,1.5e-07,2e-07,7e-08,6.3e-07,0.487346126590012
12,59,2.025e-06,1.2825e-05,2.75e-07,1.8e-07,1.1e-07,2.5e-07,2e-07,1.225e-07,6.3e-07,0.730809082647333
12,60,2.025e-06,1.3275e-05,2e-07,1.7e-07,1e-07,2.5e-07,2e-07,7.5e-08,6.3e-07,0.294821641083974
13,1,3.375e-06,-1.3275e-05,2e-07,1.75e-07,1e-07,1.5e-07,2e-07,2.5e-08,6.3e-07,0.101827112842095
13,2,3.375e-06,-1.2825e-05,3e-07,1.75e-07,1.1e-07,2.25e-07,2e-07,1.225e-07,6.3e-07,0.043248113873039
13,3,3.375e-06,-1.2375e-05,3e-07,1.8e-07,1e-07,2.5e-07,2e-07,1.25e-07,6.3e-07,0.114903076061773
13,4,3.375e-06,-1.1925e-05,2.25e-07,1.8e-07,1e-07,2e-07,2e-07,6.25e-08,6.3e-07,0.0601809700035405
13,5,3.375e-06,-1.1475e-05,2.5e-07,1.75e-07,1.2e-07,1.75e-07,2e-07,8.25e-08,6.3e-07,0.220049259969638
13,6,3.375e-06,-1.1025e-05,2e-07,1.75e-07,1.1e-07,1.5e-07,2e-07,3.5e-08,6.3e-07,0.0209151951033492
13,7,3.375e-06,-1.0575e-05,2e-07,1.8e-07,1e-07,1.75e-07,2e-07,3.75e-08,6.3e-07,0.289338052678425
13,8,3.375e-06,-1.0125e-05,2.75e-07,1.8e-07,1e-07,2e-07,2e-07,8.75e-08,6.3e-07,0.412986791855086
13,9,3.375e-06,-9.675e-06,2.75e-07,1.75e-07,1.1e-07,2.25e-07,2e-07,1.1e-07,6.3e-07,1.00716654993796
13,10,3.375e-06,-9.225e-06,2e-07,1.8e-07,1.2e-07,2.5e-07,2e-07,9.5e-08,6.3e-07,1.15787913431395
13,11,3.375e-06,-8.775e-06,2.25e-07,1.7e-07,1e-07,1.75e-07,2e-07,5e-08,6.3e-07,0.651116472582308
13,12,3.375e-06,-8.325e-06,2.5e-07,1.7e-07,1e-07,1.5e-07,2e-07,5e-08,6.3e-07,0.303964936292893
13,13,3.375e-06,-7.875e-06,2.75e-07,1.75e-07,1e-07,2e-07,2e-07,8.75e-08,6.3e-07,0.261395683291568
13,14,3.375e-06,-7.425e-06,2.75e-07,1.8e-07,1.1e-07,1.75e-07,2e-07,8.5e-08,6.3e-07,0.28227808615044
13,15,3.375e-06,-6.975e-06,2.5e-07,1.75e-07,1e-07,2.25e-07,2e-07,8.75e-08,6.3e-07,0.526647586737586
13,16,3.375e-06,-6.525e-06,3e-07,1.75e-07,1e-07,1.75e-07,2e-07,8.75e-08,6.3e-07,0.131829146391482
13,17,3.375e-06,-6.075e-06,2.5e-07,1.7e-07,1.2e-07,2e-07,2e-07,9.5e-08,6.3e-07,0.180796745797676
13,18,3.375e-06,-5.625e-06,3e-07,1.8e-07,1e-07,2.5e-07,2e-07,1.25e-07,6.3e-07,0.0381051662001754
13,19,3.375e-06,-5.175e-06,2.25e-07,1.8e-07,1e-07,2e-07,2e-07,6.25e-08,6.3e-07,0.0469369109223051
13,20,3.375e-06,-4.725e-06,2.25e-07,1.8e-07,1e-07,2e-07,2e-07,6.25e-08,6.3e-07,0.185190741704332
13,21,3.375e-06,-4.275e-06,2.5e-07,1.75e-07,1.2e-07,1.75e-07,2e-07,8.25e-08,6.3e-07,0.166119604378606
13,22,3.375e-06,-3.825e-06,2.75e-07,1.7e-07,1.2e-07,2.5e-07,2e-07,1.325e-07,6.3e-07,0.228662888745286
13,23,3.375e-06,-3.375e-06,2.75e-07,1.7e-07,1.2e-07,2.5e-07,2e-07,1.325e-07,6.3e-07,0.0456683876126225
13,24,3.375e-06,-2.925e-06,2.25e-07,1.75e-07,1e-07,1.75e-07,2e-07,5e-08,6.3e-07,0.108644504107193
13,25,3.375e-06,-2.475e-06,2.25e-07,1.75e-07,1e-07,1.75e-07,2e-07,5e-08,6.3e-07,0.118444389137625
13,26,3.375e-06,-2.025e-06,2.25e-07,1.75e-07,1e-07,1.75e-07,2e-07,5e-08,6.3e-07,0.305941369134967
13,27,3.375e-06,-1.575e-06,2.25e-07,1.75e-07,1e-07,1.75e-07,2e-07,5e-08,6.3e-07,0.564402325835535
13,28,3.375e-06,-1.125e-06,2.25e-07,1.75e-07,1e-07,1.75e-07,2e-07,5e-08,6.3e-07,0.80920369171522
13,29,3.375e-06,-6.74999999999999e-07,2e-07,1.8e-07,1.1e-07,2.5e-07,2e-07,8.5e-08,6.3e-07,0.848714976433427
13,30,3.375e-06,-2.25e-07,2e-07,1.8e-07,1.1e-07,2.5e-07,2e-07,8.5e-08,6.3e-07,0.738366608414317
13,31,3.375e-06,2.25e-07,2e-07,1.8e-07,1.1e-07,2.5e-07,2e-07,8.5e-08,6.3e-07,0.63904849519645
13,32,3.375e-06,6.74999999999999e-07,2e-07,1.8e-07,1.1e-07,2.5e-07,2e-07,8.5e-08,6.3e-07,0.59009047060234
13,33,3.375e-06,1.125e-06,2e-07,1.8e-07,1.1e-07,2.5e-07,2e-07,8.5e-08,6.3e-07,0.655290547914141
13,34,3.375e-06,1.575e-06,2.75e-07,1.7e-07,1.2e-07,2.5e-07,2e-07,1.325e-07,6.3e-07,0.746555046513268
13,35,3.375e-06,2.025e-06,2.75e-07,1.7e-07,1.2e-07,2.5e-07,2e-07,1.325e-07,6.3e-07,0.573657181457344
13,36,3.375e-06,2.475e-06,2.75e-07,1.7e-07,1.2e-07,2.5e-07,2e-07,1.325e-07,6.3e-07,0.632078849712422
13,37,3.375e-06,2.925e-06,3e-07,1.7e-07,1e-07,2.5e-07,2e-07,1.25e-07,6.3e-07,0.935471766100876
13,38,3.375e-06,3.375e-06,2.5e-07,1.75e-07,1.2e-07,1.75e-07,2e-07,8.25e-08,6.3e-07,1.41914118583323
13,39,3.375e-06,3.825e-06,2.25e-07,1.7e-07,1.2e-07,1.5e-07,2e-07,5.75e-08,6.3e-07,1.18109288548204
13,40,3.375e-06,4.275e-06,2e-07,1.75e-07,1.2e-07,2e-07,2e-07,7e-08,6.3e-07,0.882949251745071
13,41,3.375e-06,4.725e-06,2e-07,1.75e-07,1.2e-07,2e-07,2e-07,7e-08,6.3e-07,0.394012515301826
13,42,3.375e-06,5.175e-06,3e-07,1.75e-07,1.1e-07,2.25e-07,2e-07,1.225e-07,6.3e-07,0.577322494289026
13,43,3.375e-06,5.625e-06,3e-07,1.75e-07,1.1e-07,2.25e-07,2e-07,1.225e-07,6.3e-07,0.220762575507814
13,44,3.375e-06,6.075e-06,2e-07,1.75e-07,1e-07,1.5e-07,2e-07,2.5e-08,6.3e-07,0.0484544040262445
13,45,3.375e-06,6.525e-06,2e-07,1.75e-07,1e-07,1.5e-07,2e-07,2.5e-08,6.3e-07,0.504913193887584
13,46,3.375e-06,6.975e-06,2e-07,1.8e-07,1.2e-07,1.75e-07,2e-07,5.75e-08,6.3e-07,0.209974227793586
13,47,3.375e-06,7.425e-06,2e-07,1.8e-07,1.2e-07,1.75e-07,2e-07,5.75e-08,6.3e-07,0.655846730655559
13,48,3.375e-06,7.875e-06,3e-07,1.75e-07,1.1e-07,1.5e-07,2e-07,8.5e-08,6.3e-07,0.0190710030058291
13,49,3.375e-06,8.325e-06,2.5e-07,1.7e-07,1e-07,1.75e-07,2e-07,6.25e-08,6.3e-07,0.409838901951446
13,50,3.375e-06,8.775e-06,2e-07,1.7e-07,1.1e-07,2e-07,2e-07,6e-08,6.3e-07,0.162475649778158
13,51,3.375e-06,9.225e-06,2e-07,1.7e-07,1.1e-07,2e-07,2e-07,6e-08,6.3e-07,0.52697177609253
13,52,3.375e-06,9.675e-06,2e-07,1.8e-07,1e-07,1.75e-07,2e-07,3.75e-08,6.3e-07,0.920564361392469
13,53,3.375e-06,1.0125e-05,2.25e-07,1.75e-07,1e-07,1.75e-07,2e-07,5e-08,6.3e-07,0.155182806629944
13,54,3.375e-06,1.0575e-05,2.75e-07,1.7e-07,1.2e-07,2.5e-07,2e-07,1.325e-07,6.3e-07,0.271364409555562
13,55,3.375e-06,1.1025e-05,2.25e-07,1.8e-07,1e-07,2e-07,2e-07,6.25e-08,6.3e-07,1.14475254651511
13,56,3.375e-06,1.1475e-05,2e-07,1.75e-07,1.2e-07,2e-07,2e-07,7e-08,6.3e-07,0.380255279291416
13,57,3.375e-06,1.1925e-05,2.75e-07,1.8e-07,1.1e-07,2e-07,2e-07,9.75e-08,6.3e-07,0.448648381453238
13,58,3.375e-06,1.2375e-05,2.5e-07,1.75e-07,1.2e-07,1.5e-07,2e-07,7e-08,6.3e-07,0.507186284375976
13,59,3.375e-06,1.2825e-05,2e-07,1.7e-07,1e-07,2.5e-07,2e-07,7.5e-08,6.3e-07,0.215593710811943
13,60,3.375e-06,1.3275e-05,3e-07,1.7e-07,1.1e-07,2.25e-07,2e-07,1.225e-07,6.3e-07,0.216883863455631
14,1,4.725e-06,-1.3275e-05,2.75e-07,1.8e-07,1.2e-07,1.5e-07,2e-07,8.25e-08,6.3e-07,0.198329012861696
14,2,4.725e-06,-1.2825e-05,2e-07,1.75e-07,1e-07,1.5e-07,2e-07,2.5e-08,6.3e-07,0.097038978853536
14,3,4.725e-06,-1.2375e-05,3e-07,1.75e-07,1.1e-07,2.25e-07,2e-07,1.225e-07,6.3e-07,0.0410717610992445
14,4,4.725e-06,-1.1925e-05,3e-07,1.8e-07,1e-07,2.5e-07,2e-07,1.25e-07,6.3e-07,0.196683775466255
14,5,4.725e-06,-1.1475e-05,2.25e-07,1.8e-07,1e-07,2e-07,2e-07,6.25e-08,6.3e-07,0.0806616666769066
14,6,4.725e-06,-1.1025e-05,2.5e-07,1.75e-07,1.2e-07,1.75e-07,2e-07,8.25e-08,6.3e-07,0.161231354200574
14,7,4.725e-06,-1.0575e-05,2e-07,1.75e-07,1.1e-07,1.5e-07,2e-07,3.5e-08,6.3e-07,0.0987787718998006
14,8,4.725e-06,-1.0125e-05,2e-07,1.8e-07,1e-07,1.75e-07,2e-07,3.75e-08,6.3e-07,0.0556255273189683
14,9,4.725e-06,-9.675e-06,2.75e-07,1.8e-07,1e-07,2e-07,2e-07,8.75e-08,6.3e-07,0.471455355612658
14,10,4.725e-06,-9.225e-06,2.75e-07,1.8e-07,1e-07,2e-07,2e-07,8.75e-08,6.3e-07,0.851856575891421
14,11,4.725e-06,-8.775e-06,2.75e-07,1.75e-07,1.1e-07,2.25e-07,2e-07,1.1e-07,6.3e-07,0.782584823250677
14,12,4.725e-06,-8.325e-06,3e-07,1.75e-07,1.1e-07,1.5e-07,2e-07,8.5e-08,6.3e-07,0.961224410902684
14,13,4.725e-06,-7.875e-06,2.25e-07,1.7e-07,1e-07,1.75e-07,2e-07,5e-08,6.3e-07,0.67886122246704
14,14,4.725e-06,-7.425e-06,2.5e-07,1.7e-07,1e-07,1.5e-07,2e-07,5e-08,6.3e-07,0.338398793194792
14,15,4.725e-06,-6.975e-06,2.75e-07,1.75e-07,1e-07,2e-07,2e-07,8.75e-08,6.3e-07,0.292349455143917
14,16,4.725e-06,-6.525e-06,2.75e-07,1.8e-07,1.1e-07,1.75e-07,2e-07,8.5e-08,6.3e-07,0.375672766888789
14,17,4.725e-06,-6.075e-06,2.5e-07,1.75e-07,1e-07,2.25e-07,2e-07,8.75e-08,6.3e-07,0.476253382673819
14,18,4.725e-06,-5.625e-06,3e-07,1.75e-07,1e-07,1.75e-07,2e-07,8.75e-08,6.3e-07,0.287271901996349
14,19,4.725e-06,-5.175e-06,3e-07,1.75e-07,1e-07,1.75e-07,2e-07,8.75e-08,6.3e-07,0.164036226308016
14,20,4.725e-06,-4.725e-06,3e-07,1.8e-07,1e-07,2.5e-07,2e-07,1.25e-07,6.3e-07,0.128845097834798
14,21,4.725e-06,-4.275e-06,3e-07,1.8e-07,1e-07,2.5e-07,2e-07,1.25e-07,6.3e-07,0.022576909232287
14,22,4.725e-06,-3.825e-06,2.25e-07,1.8e-07,1e-07,2e-07,2e-07,6.25e-08,6.3e-07,0.134104580898891
14,23,4.725e-06,-3.375e-06,2.25e-07,1.8e-07,1e-07,2e-07,2e-07,6.25e-08,6.3e-07,0.103095005350637
14,24,4.725e-06,-2.925e-06,2.25e-07,1.8e-07,1e-07,2e-07,2e-07,6.25e-08,6.3e-07,0.343574730788335
14,25,4.725e-06,-2.475e-06,2.5e-07,1.75e-07,1.2e-07,1.75e-07,2e-07,8.25e-08,6.3e-07,0.31122494725017
14,26,4.725e-06,-2.025e-06,2.5e-07,1.75e-07,1.2e-07,1.75e-07,2e-07,8.25e-08,6.3e-07,0.24323282463276
14,27,4.725e-06,-1.575e-06,2.5e-07,1.75e-07,1.2e-07,1.75e-07,2e-07,8.25e-08,6.3e-07,0.280659590784533
14,28,4.725e-06,-1.125e-06,2.75e-07,1.7e-07,1.2e-07,2.5e-07,2e-07,1.325e-07,6.3e-07,0.295267740740354
14,29,4.725e-06,-6.74999999999999e-07,2.75e-07,1.7e-07,1.2e-07,2.5e-07,2e-07,1.325e-07,6.3e-07,0.267469094387462
14,30,4.725e-06,-2.25e-07,2.75e-07,1.7e-07,1.2e-07,2.5e-07,2e-07,1.325e-07,6.3e-07,0.306604537022229
14,31,4.725e-06,2.25e-07,2.75e-07,1.7e-07,1.2e-07,2.5e-07,2e-07,1.325e-07,6.3e-07,0.413029914557722
14,32,4.725e-06,6.74999999999999e-07,2.5e-07,1.75e-07,1.2e-07,1.75e-07,2e-07,8.25e-08,6.3e-07,0.583027317948432
14,33,4.725e-06,1.125e-06,2.5e-07,1.75e-07,1.2e-07,1.75e-07,2e-07,8.25e-08,6.3e-07,0.678640502900263
14,34,4.725e-06,1.575e-06,2.5e-07,1.75e-07,1.2e-07,1.75e-07,2e-07,8.25e-08,6.3e-07,0.875726778544964
14,35,4.725e-06,2.025e-06,2.25e-07,1.8e-07,1e-07,2e-07,2e-07,6.25e-08,6.3e-07,0.891155977773049
14,36,4.725e-06,2.475e-06,2.25e-07,1.8e-07,1e-07,2e-07,2e-07,6.25e-08,6.3e-07,0.844737467210564
14,37,4.725e-06,2.925e-06,3e-07,1.8e-07,1e-07,2.5e-07,2e-07,1.25e-07,6.3e-07,0.684694484577489
14,38,4.725e-06,3.375e-06,3e-07,1.8e-07,1e-07,2.5e-07,2e-07,1.25e-07,6.3e-07,0.550728004218323
14,39,4.725e-06,3.825e-06,2e-07,1.7e-07,1.2e-07,2e-07,2e-07,7e-08,6.3e-07,0.490780094433557
14,40,4.725e-06,4.275e-06,3e-07,1.75e-07,1.1e-07,2.25e-07,2e-07,1.225e-07,6.3e-07,0.351655922498134
14,41,4.725e-06,4.725e-06,3e-07,1.75e-07,1.1e-07,2.25e-07,2e-07,1.225e-07,6.3e-07,0.121613714796752
14,42,4.725e-06,5.175e-06,2e-07,1.75e-07,1e-07,1.5e-07,2e-07,2.5e-08,6.3e-07,0.0875593411951688
14,43,4.725e-06,5.625e-06,2e-07,1.75e-07,1e-07,1.5e-07,2e-07,2.5e-08,6.3e-07,0.298785128076891
14,44,4.725e-06,6.075e-06,2e-07,1.8e-07,1.2e-07,1.75e-07,2e-07,5.75e-08,6.3e-07,0.39301574074438
14,45,4.725e-06,6.525e-06,2e-07,1.8e-07,1.2e-07,1.75e-07,2e-07,5.75e-08,6.3e-07,0.296141318279861
14,46,4.725e-06,6.975e-06,3e-07,1.75e-07,1.1e-07,1.5e-07,2e-07,8.5e-08,6.3e-07,0.314245875545844
14,47,4.725e-06,7.425e-06,2.5e-07,1.7e-07,1e-07,1.75e-07,2e-07,6.25e-08,6.3e-07,0.0796207395020573
14,48,4.725e-06,7.875e-06,2.75e-07,1.75e-07,1.1e-07,2.25e-07,2e-07,1.1e-07,6.3e-07,0.340268684145556
14,49,4.725e-06,8.325e-06,2e-07,1.7e-07,1.1e-07,2e-07,2e-07,6e-08,6.3e-07,0.0941660751228322
14,50,4.725e-06,8.775e-06,2.25e-07,1.8e-07,1.2e-07,1.75e-07,2e-07,7e-08,6.3e-07,0.712274102161434
14,51,4.725e-06,9.225e-06,2e-07,1.8e-07,1e-07,1.75e-07,2e-07,3.75e-08,6.3e-07,0.751784249944434
14,52,4.725e-06,9.675e-06,2.25e-07,1.75e-07,1e-07,1.75e-07,2e-07,5e-08,6.3e-07,0.148022401109516
14,53,4.725e-06,1.0125e-05,2.75e-07,1.7e-07,1.2e-07,2.5e-07,2e-07,1.325e-07,6.3e-07,0.319842834680558
14,54,4.725e-06,1.0575e-05,2.25e-07,1.8e-07,1e-07,2e-07,2e-07,6.25e-08,6.3e-07,1.06357852030825
14,55,4.725e-06,1.1025e-05,2e-07,1.75e-07,1.2e-07,2e-07,2e-07,7e-08,6.3e-07,0.424890743779546
14,56,4.725e-06,1.1475e-05,2e-07,1.75e-07,1.2e-07,2e-07,2e-07,7e-08,6.3e-07,0.47041631327461
14,57,4.725e-06,1.1925e-05,2.5e-07,1.75e-07,1.2e-07,1.5e-07,2e-07,7e-08,6.3e-07,0.407320531375504
14,58,4.725e-06,1.2375e-05,2e-07,1.7e-07,1e-07,2.5e-07,2e-07,7.5e-08,6.3e-07,0.321562503895007
14,59,4.725e-06,1.2825e-05,3e-07,1.7e-07,1.1e-07,2.25e-07,2e-07,1.225e-07,6.3e-07,0.343933496042421
14,60,4.725e-06,1.3275e-05,2.5e-07,1.8e-07,1.1e-07,2.5e-07,2e-07,1.1e-07,6.3e-07,0.211681768837871
15,1,6.075e-06,-1.3275e-05,3e-07,1.75e-07,1.1e-07,1.5e-07,2e-07,8.5e-08,6.3e-07,0.222628849973358
15,2,6.075e-06,-1.2825e-05,2e-07,1.8e-07,1.2e-07,1.75e-07,2e-07,5.75e-08,6.3e-07,0.306323418798988
15,3,6.075e-06,-1.2375e-05,2e-07,1.75e-07,1e-07,1.5e-07,2e-07,2.5e-08,6.3e-07,0.478836747120284
15,4,6.075e-06,-1.1925e-05,3e-07,1.75e-07,1.1e-07,2.25e-07,2e-07,1.225e-07,6.3e-07,0.233328840062034
15,5,6.075e-06,-1.1475e-05,2e-07,1.7e-07,1.2e-07,2e-07,2e-07,7e-08,6.3e-07,0.514199791142232
15,6,6.075e-06,-1.1025e-05,3e-07,1.8e-07,1e-07,2.5e-07,2e-07,1.25e-07,6.3e-07,0.122931875339129
15,7,6.075e-06,-1.0575e-05,2.25e-07,1.8e-07,1e-07,2e-07,2e-07,6.25e-08,6.3e-07,0.248722038273789
15,8,6.075e-06,-1.0125e-05,2.5e-07,1.75e-07,1.2e-07,1.75e-07,2e-07,8.25e-08,6.3e-07,0.298288181102735
15,9,6.075e-06,-9.675e-06,2e-07,1.75e-07,1.1e-07,1.5e-07,2e-07,3.5e-08,6.3e-07,0.0207324518261394
15,10,6.075e-06,-9.225e-06,2e-07,1.8e-07,1e-07,1.75e-07,2e-07,3.75e-08,6.3e-07,0.189396927077477
15,11,6.075e-06,-8.775e-06,2.75e-07,1.8e-07,1e-07,2e-07,2e-07,8.75e-08,6.3e-07,0.407688930300987
15,12,6.075e-06,-8.325e-06,2.75e-07,1.8e-07,1e-07,2e-07,2e-07,8.75e-08,6.3e-07,0.83758157594097
15,13,6.075e-06,-7.875e-06,2.75e-07,1.75e-07,1.1e-07,2.25e-07,2e-07,1.1e-07,6.3e-07,0.686962816904546
15,14,6.075e-06,-7.425e-06,3e-07,1.75e-07,1.1e-07,1.5e-07,2e-07,8.5e-08,6.3e-07,0.922238722008355
15,15,6.075e-06,-6.975e-06,2.25e-07,1.7e-07,1e-07,1.75e-07,2e-07,5e-08,6.3e-07,0.644802805974431
15,16,6.075e-06,-6.525e-06,2.5e-07,1.7e-07,1e-07,1.5e-07,2e-07,5e-08,6.3e-07,0.452927521169822
15,17,6.075e-06,-6.075e-06,2.5e-07,1.7e-07,1e-07,1.5e-07,2e-07,5e-08,6.3e-07,0.522271574117766
15,18,6.075e-06,-5.625e-06,2.75e-07,1.75e-07,1e-07,2e-07,2e-07,8.75e-08,6.3e-07,0.390788780991813
15,19,6.075e-06,-5.175e-06,2.75e-07,1.8e-07,1.1e-07,1.75e-07,2e-07,8.5e-08,6.3e-07,0.469510689400122
15,20,6.075e-06,-4.725e-06,2.5e-07,1.75e-07,1e-07,2.25e-07,2e-07,8.75e-08,6.3e-07,0.527837078304963
15,21,6.075e-06,-4.275e-06,3e-07,1.75e-07,1.1e-07,2.25e-07,2e-07,1.225e-07,6.3e-07,0.25761052891674
15,22,6.075e-06,-3.825e-06,3e-07,1.75e-07,1.1e-07,2.25e-07,2e-07,1.225e-07,6.3e-07,0.187086786819015
15,23,6.075e-06,-3.375e-06,3e-07,1.75e-07,1e-07,1.75e-07,2e-07,8.75e-08,6.3e-07,0.238292411991056
15,24,6.075e-06,-2.925e-06,3e-07,1.75e-07,1e-07,1.75e-07,2e-07,8.75e-08,6.3e-07,0.381896118485792
15,25,6.075e-06,-2.475e-06,3e-07,1.8e-07,1e-07,2.5e-07,2e-07,1.25e-07,6.3e-07,0.246762579412524
15,26,6.075e-06,-2.025e-06,3e-07,1.8e-07,1e-07,2.5e-07,2e-07,1.25e-07,6.3e-07,0.104913900180624
15,27,6.075e-06,-1.575e-06,3e-07,1.8e-07,1e-07,2.5e-07,2e-07,1.25e-07,6.3e-07,0.0677822595372448
15,28,6.075e-06,-1.125e-06,3e-07,1.8e-07,1e-07,2.5e-07,2e-07,1.25e-07,6.3e-07,0.0826478676627179
15,29,6.075e-06,-6.74999999999999e-07,3e-07,1.8e-07,1e-07,2.5e-07,2e-07,1.25e-07,6.3e-07,0.113126436053103
15,30,6.075e-06,-2.25e-07,3e-07,1.8e-07,1e-07,2.5e-07,2e-07,1.25e-07,6.3e-07,0.14147506551713
15,31,6.075e-06,2.25e-07,3e-07,1.8e-07,1e-07,2.5e-07,2e-07,1.25e-07,6.3e-07,0.168926661666201
15,32,6.075e-06,6.74999999999999e-07,3e-07,1.8e-07,1e-07,2.5e-07,2e-07,1.25e-07,6.3e-07,0.214874774046456
15,33,6.075e-06,1.125e-06,3e-07,1.8e-07,1e-07,2.5e-07,2e-07,1.25e-07,6.3e-07,0.314701001970441
15,34,6.075e-06,1.575e-06,2e-07,1.7e-07,1.2e-07,2e-07,2e-07,7e-08,6.3e-07,0.393544644434333
15,35,6.075e-06,2.025e-06,2e-07,1.7e-07,1.2e-07,2e-07,2e-07,7e-08,6.3e-07,0.493427935947379
15,36,6.075e-06,2.475e-06,3e-07,1.75e-07,1.1e-07,2.25e-07,2e-07,1.225e-07,6.3e-07,0.243763545177352
15,37,6.075e-06,2.925e-06,3e-07,1.75e-07,1.1e-07,2.25e-07,2e-07,1.225e-07,6.3e-07,0.0410477286133304
15,38,6.075e-06,3.375e-06,3e-07,1.75e-07,1.1e-07,2.25e-07,2e-07,1.225e-07,6.3e-07,0.153873606055324
15,39,6.075e-06,3.825e-06,2e-07,1.75e-07,1e-07,1.5e-07,2e-07,2.5e-08,6.3e-07,0.118883387497232
15,40,6.075e-06,4.275e-06,2e-07,1.75e-07,1e-07,1.5e-07,2e-07,2.5e-08,6.3e-07,0.282973556785909
15,41,6.075e-06,4.725e-06,2e-07,1.8e-07,1.2e-07,1.75e-07,2e-07,5.75e-08,6.3e-07,0.661466963485883
15,42,6.075e-06,5.175e-06,2e-07,1.8e-07,1.2e-07,1.75e-07,2e-07,5.75e-08,6.3e-07,0.239896505281041
15,43,6.075e-06,5.625e-06,2e-07,1.8e-07,1.2e-07,1.75e-07,2e-07,5.75e-08,6.3e-07,0.580309630584848
15,44,6.075e-06,6.075e-06,3e-07,1.75e-07,1.1e-07,1.5e-07,2e-07,8.5e-08,6.3e-07,0.181011937332868
15,45,6.075e-06,6.525e-06,2.5e-07,1.7e-07,1e-07,1.75e-07,2e-07,6.25e-08,6.3e-07,0.141753186739676
15,46,6.075e-06,6.975e-06,2.75e-07,1.75e-07,1.1e-07,2.25e-07,2e-07,1.1e-07,6.3e-07,0.318192635468764
15,47,6.075e-06,7.425e-06,2e-07,1.7e-07,1.1e-07,2e-07,2e-07,6e-08,6.3e-07,0.151044862103577
15,48,6.075e-06,7.875e-06,2.25e-07,1.8e-07,1.2e-07,1.75e-07,2e-07,7e-08,6.3e-07,0.538500687822352
15,49,6.075e-06,8.325e-06,2e-07,1.8e-07,1e-07,1.75e-07,2e-07,3.75e-08,6.3e-07,0.853404769535791
15,50,6.075e-06,8.775e-06,2.25e-07,1.75e-07,1e-07,1.75e-07,2e-07,5e-08,6.3e-07,0.120300089983096
15,51,6.075e-06,9.225e-06,2.75e-07,1.7e-07,1.2e-07,2.5e-07,2e-07,1.325e-07,6.3e-07,0.0298599017666774
15,52,6.075e-06,9.675e-06,2.5e-07,1.75e-07,1.2e-07,1.75e-07,2e-07,8.25e-08,6.3e-07,0.730673634284316
15,53,6.075e-06,1.0125e-05,2.25e-07,1.7e-07,1.2e-07,1.5e-07,2e-07,5.75e-08,6.3e-07,0.982601712658275
15,54,6.075e-06,1.0575e-05,2e-07,1.75e-07,1.2e-07,2e-07,2e-07,7e-08,6.3e-07,0.161994500662415
15,55,6.075e-06,1.1025e-05,2.5e-07,1.75e-07,1.2e-07,1.5e-07,2e-07,7e-08,6.3e-07,0.547109182303481
15,56,6.075e-06,1.1475e-05,2.75e-07,1.8e-07,1.1e-07,2.5e-07,2e-07,1.225e-07,6.3e-07,0.501232645319441
15,57,6.075e-06,1.1925e-05,2e-07,1.7e-07,1e-07,2.5e-07,2e-07,7.5e-08,6.3e-07,0.224302927009725
15,58,6.075e-06,1.2375e-05,3e-07,1.7e-07,1.1e-07,2.25e-07,2e-07,1.225e-07,6.3e-07,0.153445093881048
15,59,6.075e-06,1.2825e-05,2.5e-07,1.8e-07,1.1e-07,2.5e-07,2e-07,1.1e-07,6.3e-07,0.0640838954004239
15,60,6.075e-06,1.3275e-05,3e-07,1.75e-07,1.1e-07,2e-07,2e-07,1.1e-07,6.3e-07,0.636528211341916
16,1,7.425e-06,-1.3275e-05,2.5e-07,1.75e-07,1.1e-07,2.25e-07,2e-07,9.75e-08,6.3e-07,0.38660813833169
16,2,7.425e-06,-1.2825e-05,2.5e-07,1.7e-07,1e-07,1.75e-07,2e-07,6.25e-08,6.3e-07,0.369406708898783
16,3,7.425e-06,-1.2375e-05,3e-07,1.7e-07,1.1e-07,2.25e-07,2e-07,1.225e-07,6.3e-07,0.370857124022065
16,4,7.425e-06,-1.1925e-05,2.75e-07,1.8e-07,1.2e-07,1.5e-07,2e-07,8.25e-08,6.3e-07,0.187046741710261
16,5,7.425e-06,-1.1475e-05,2e-07,1.75e-07,1e-07,1.5e-07,2e-07,2.5e-08,6.3e-07,0.21608271784454
16,6,7.425e-06,-1.1025e-05,3e-07,1.75e-07,1.1e-07,2.25e-07,2e-07,1.225e-07,6.3e-07,0.140221199102341
16,7,7.425e-06,-1.0575e-05,2e-07,1.7e-07,1.2e-07,2e-07,2e-07,7e-08,6.3e-07,0.471830304326775
16,8,7.425e-06,-1.0125e-05,3e-07,1.8e-07,1e-07,2.5e-07,2e-07,1.25e-07,6.3e-07,0.138985872976428
16,9,7.425e-06,-9.675e-06,2.25e-07,1.8e-07,1e-07,2e-07,2e-07,6.25e-08,6.3e-07,0.195450003078433
16,10,7.425e-06,-9.225e-06,2.5e-07,1.75e-07,1.2e-07,1.75e-07,2e-07,8.25e-08,6.3e-07,0.167733253185567
16,11,7.425e-06,-8.775e-06,2e-07,1.75e-07,1.1e-07,1.5e-07,2e-07,3.5e-08,6.3e-07,0.125631352243106
16,12,7.425e-06,-8.325e-06,2e-07,1.8e-07,1e-07,1.75e-07,2e-07,3.75e-08,6.3e-07,0.016988206753784
16,13,7.425e-06,-7.875e-06,2e-07,1.8e-07,1e-07,1.75e-07,2e-07,3.75e-08,6.3e-07,0.699211250280493
16,14,7.425e-06,-7.425e-06,2.75e-07,1.8e-07,1e-07,2e-07,2e-07,8.75e-08,6.3e-07,0.36559643618665
16,15,7.425e-06,-6.975e-06,2.25e-07,1.8e-07,1.2e-07,1.75e-07,2e-07,7e-08,6.3e-07,0.940886596683425
16,16,7.425e-06,-6.525e-06,2.75e-07,1.75e-07,1.1e-07,2.25e-07,2e-07,1.1e-07,6.3e-07,0.599320688196038
16,17,7.425e-06,-6.075e-06,3e-07,1.75e-07,1.1e-07,1.5e-07,2e-07,8.5e-08,6.3e-07,0.93628605608396
16,18,7.425e-06,-5.625e-06,3e-07,1.75e-07,1.1e-07,1.5e-07,2e-07,8.5e-08,6.3e-07,0.677364342431575
16,19,7.425e-06,-5.175e-06,2.25e-07,1.7e-07,1e-07,1.75e-07,2e-07,5e-08,6.3e-07,0.68204974625437
16,20,7.425e-06,-4.725e-06,2.5e-07,1.7e-07,1e-07,1.5e-07,2e-07,5e-08,6.3e-07,0.525340304226776
16,21,7.425e-06,-4.275e-06,2.5e-07,1.7e-07,1e-07,1.5e-07,2e-07,5e-08,6.3e-07,0.509380218135825
16,22,7.425e-06,-3.825e-06,2.75e-07,1.75e-07,1e-07,2e-07,2e-07,8.75e-08,6.3e-07,0.681329368476648
16,23,7.425e-06,-3.375e-06,2.75e-07,1.75e-07,1e-07,2e-07,2e-07,8.75e-08,6.3e-07,0.576311276569982
16,24,7.425e-06,-2.925e-06,2.25e-07,1.75e-07,1e-07,1.5e-07,2e-07,3.75e-08,6.3e-07,0.513068203610922
16,25,7.425e-06,-2.475e-06,2.25e-07,1.75e-07,1e-07,1.5e-07,2e-07,3.75e-08,6.3e-07,0.454575063994884
16,26,7.425e-06,-2.025e-06,2.25e-07,1.75e-07,1e-07,1.5e-07,2e-07,3.75e-08,6.3e-07,0.504628223585381
16,27,7.425e-06,-1.575e-06,2e-07,1.75e-07,1e-07,1.5e-07,2e-07,2.5e-08,6.3e-07,0.457745292476697
16,28,7.425e-06,-1.125e-06,2e-07,1.75e-07,1e-07,1.5e-07,2e-07,2.5e-08,6.3e-07,0.428722292192406
16,29,7.425e-06,-6.74999999999999e-07,2e-07,1.75e-07,1e-07,1.5e-07,2e-07,2.5e-08,6.3e-07,0.404451634954144
16,30,7.425e-06,-2.25e-07,2e-07,1.75e-07,1e-07,1.5e-07,2e-07,2.5e-08,6.3e-07,0.370604362909201
16,31,7.425e-06,2.25e-07,2e-07,1.75e-07,1e-07,1.5e-07,2e-07,2.5e-08,6.3e-07,0.327834418511844
16,32,7.425e-06,6.74999999999999e-07,2e-07,1.75e-07,1e-07,1.5e-07,2e-07,2.5e-08,6.3e-07,0.292148535897776
16,33,7.425e-06,1.125e-06,2e-07,1.75e-07,1e-07,1.5e-07,2e-07,2.5e-08,6.3e-07,0.295403260788484
16,34,7.425e-06,1.575e-06,2e-07,1.75e-07,1e-07,1.5e-07,2e-07,2.5e-08,6.3e-07,0.384776949973294
16,35,7.425e-06,2.025e-06,2.25e-07,1.75e-07,1e-07,1.5e-07,2e-07,3.75e-08,6.3e-07,0.468558698511939
16,36,7.425e-06,2.475e-06,2.25e-07,1.75e-07,1e-07,1.5e-07,2e-07,3.75e-08,6.3e-07,0.696656697909612
16,37,7.425e-06,2.925e-06,2e-07,1.8e-07,1.2e-07,1.75e-07,2e-07,5.75e-08,6.3e-07,0.445473590596867
16,38,7.425e-06,3.375e-06,2e-07,1.8e-07,1.2e-07,1.75e-07,2e-07,5.75e-08,6.3e-07,0.316790545691382
16,39,7.425e-06,3.825e-06,2e-07,1.8e-07,1.2e-07,1.75e-07,2e-07,5.75e-08,6.3e-07,0.55134238013094
16,40,7.425e-06,4.275e-06,2.25e-07,1.7e-07,1.2e-07,2.5e-07,2e-07,1.075e-07,6.3e-07,0.504245499555565
16,41,7.425e-06,4.725e-06,3e-07,1.75e-07,1.1e-07,1.5e-07,2e-07,8.5e-08,6.3e-07,0.114464299187002
16,42,7.425e-06,5.175e-06,2.5e-07,1.7e-07,1e-07,1.75e-07,2e-07,6.25e-08,6.3e-07,0.24955845731619
16,43,7.425e-06,5.625e-06,2.75e-07,1.75e-07,1.1e-07,2.25e-07,2e-07,1.1e-07,6.3e-07,0.308904387604397
16,44,7.425e-06,6.075e-06,2e-07,1.7e-07,1.1e-07,2e-07,2e-07,6e-08,6.3e-07,0.291625646174316
16,45,7.425e-06,6.525e-06,2e-07,1.7e-07,1.1e-07,2e-07,2e-07,6e-08,6.3e-07,0.308009523848151
16,46,7.425e-06,6.975e-06,2.25e-07,1.7e-07,1.2e-07,2e-07,2e-07,8.25e-08,6.3e-07,0.670245871333883
16,47,7.425e-06,7.425e-06,2e-07,1.8e-07,1e-07,1.75e-07,2e-07,3.75e-08,6.3e-07,0.559257087800991
16,48,7.425e-06,7.875e-06,2.25e-07,1.75e-07,1e-07,1.75e-07,2e-07,5e-08,6.3e-07,0.0561556919154862
16,49,7.425e-06,8.325e-06,2.75e-07,1.7e-07,1.2e-07,2.5e-07,2e-07,1.325e-07,6.3e-07,0.0608287763617809
16,50,7.425e-06,8.775e-06,2.5e-07,1.75e-07,1.2e-07,1.75e-07,2e-07,8.25e-08,6.3e-07,0.724318349539685
16,51,7.425e-06,9.225e-06,2.25e-07,1.7e-07,1.2e-07,1.5e-07,2e-07,5.75e-08,6.3e-07,0.92274454160508
16,52,7.425e-06,9.675e-06,2e-07,1.75e-07,1.2e-07,2e-07,2e-07,7e-08,6.3e-07,0.243415156176434
16,53,7.425e-06,1.0125e-05,2.75e-07,1.8e-07,1.1e-07,2e-07,2e-07,9.75e-08,6.3e-07,0.661274910248926
16,54,7.425e-06,1.0575e-05,2.5e-07,1.75e-07,1.2e-07,1.5e-07,2e-07,7e-08,6.3e-07,0.384576100251099
16,55,7.425e-06,1.1025e-05,2e-07,1.7e-07,1e-07,2.5e-07,2e-07,7.5e-08,6.3e-07,0.441314259772738
16,56,7.425e-06,1.1475e-05,3e-07,1.7e-07,1.1e-07,2.25e-07,2e-07,1.225e-07,6.3e-07,0.554006941870254
16,57,7.425e-06,1.1925e-05,3e-07,1.7e-07,1.1e-07,2.25e-07,2e-07,1.225e-07,6.3e-07,0.338336965431834
16,58,7.425e-06,1.2375e-05,2.5e-07,1.8e-07,1.1e-07,2.5e-07,2e-07,1.1e-07,6.3e-07,0.19432252379872
16,59,7.425e-06,1.2825e-05,2.75e-07,1.8e-07,1.1e-07,1.75e-07,2e-07,8.5e-08,6.3e-07,0.208710475650565
16,60,7.425e-06,1.3275e-05,2.5e-07,1.7e-07,1e-07,1.5e-07,2e-07,5e-08,6.3e-07,0.498238735977225
17,1,8.775e-06,-1.3275e-05,2.5e-07,1.7e-07,1e-07,1.5e-07,2e-07,5e-08,6.3e-07,0.375986182226252
17,2,8.775e-06,-1.2825e-05,2.75e-07,1.75e-07,1e-07,2e-07,2e-07,8.75e-08,6.3e-07,0.214657031931932
17,3,8.775e-06,-1.2375e-05,2.5e-07,1.75e-07,1.1e-07,2.25e-07,2e-07,9.75e-08,6.3e-07,0.421488365810582
17,4,8.775e-06,-1.1925e-05,2.5e-07,1.8e-07,1.1e-07,2.5e-07,2e-07,1.1e-07,6.3e-07,0.418791653637759
17,5,8.775e-06,-1.1475e-05,3e-07,1.7e-07,1.1e-07,2.25e-07,2e-07,1.225e-07,6.3e-07,0.288019346909916
17,6,8.775e-06,-1.1025e-05,2.75e-07,1.8e-07,1.2e-07,1.5e-07,2e-07,8.25e-08,6.3e-07,0.253558475343683
17,7,8.775e-06,-1.0575e-05,2e-07,1.75e-07,1e-07,1.5e-07,2e-07,2.5e-08,6.3e-07,0.589784551033028
17,8,8.775e-06,-1.0125e-05,2e-07,1.75e-07,1e-07,1.5e-07,2e-07,2.5e-08,6.3e-07,0.109973139485184
17,9,8.775e-06,-9.675e-06,3e-07,1.75e-07,1.1e-07,2.25e-07,2e-07,1.225e-07,6.3e-07,0.156505675572966
17,10,8.775e-06,-9.225e-06,3e-07,1.8e-07,1e-07,2.5e-07,2e-07,1.25e-07,6.3e-07,0.343443904412228
17,11,8.775e-06,-8.775e-06,3e-07,1.8e-07,1e-07,2.5e-07,2e-07,1.25e-07,6.3e-07,0.33670529908074
17,12,8.775e-06,-8.325e-06,2.25e-07,1.8e-07,1e-07,2e-07,2e-07,6.25e-08,6.3e-07,0.318950604681168
17,13,8.775e-06,-7.875e-06,2.5e-07,1.75e-07,1.2e-07,1.75e-07,2e-07,8.25e-08,6.3e-07,0.15980598701687
17,14,8.775e-06,-7.425e-06,2.5e-07,1.7e-07,1e-07,2e-07,2e-07,7.5e-08,6.3e-07,0.243142420142879
17,15,8.775e-06,-6.975e-06,2e-07,1.75e-07,1.1e-07,1.5e-07,2e-07,3.5e-08,6.3e-07,0.114754488399441
17,16,8.775e-06,-6.525e-06,2e-07,1.8e-07,1e-07,1.75e-07,2e-07,3.75e-08,6.3e-07,0.193760862082588
17,17,8.775e-06,-6.075e-06,2.75e-07,1.8e-07,1e-07,2e-07,2e-07,8.75e-08,6.3e-07,0.627595742895979
17,18,8.775e-06,-5.625e-06,2.75e-07,1.8e-07,1e-07,2e-07,2e-07,8.75e-08,6.3e-07,0.36420837040748
17,19,8.775e-06,-5.175e-06,2.25e-07,1.8e-07,1.2e-07,1.75e-07,2e-07,7e-08,6.3e-07,0.666033413907228
17,20,8.775e-06,-4.725e-06,2.75e-07,1.75e-07,1.1e-07,2.25e-07,2e-07,1.1e-07,6.3e-07,0.68408616241346
17,21,8.775e-06,-4.275e-06,2.75e-07,1.75e-07,1.1e-07,2.25e-07,2e-07,1.1e-07,6.3e-07,0.495368227462634
17,22,8.775e-06,-3.825e-06,2.75e-07,1.75e-07,1.1e-07,2.25e-07,2e-07,1.1e-07,6.3e-07,0.652365106736947
17,23,8.775e-06,-3.375e-06,3e-07,1.75e-07,1.1e-07,1.5e-07,2e-07,8.5e-08,6.3e-07,0.630993597547998
17,24,8.775e-06,-2.925e-06,3e-07,1.75e-07,1.1e-07,1.5e-07,2e-07,8.5e-08,6.3e-07,0.47874679304096
17,25,8.775e-06,-2.475e-06,3e-07,1.75e-07,1.1e-07,1.5e-07,2e-07,8.5e-08,6.3e-07,0.478022312463519
17,26,8.775e-06,-2.025e-06,3e-07,1.75e-07,1.1e-07,1.5e-07,2e-07,8.5e-08,6.3e-07,0.555750792482281
17,27,8.775e-06,-1.575e-06,2.25e-07,1.7e-07,1.2e-07,2.5e-07,2e-07,1.075e-07,6.3e-07,0.63935595416489
17,28,8.775e-06,-1.125e-06,2.5e-07,1.75e-07,1e-07,2.5e-07,2e-07,1e-07,6.3e-07,0.68303738103775
17,29,8.775e-06,-6.74999999999999e-07,2.5e-07,1.75e-07,1e-07,2.5e-07,2e-07,1e-07,6.3e-07,0.681972370890636
17,30,8.775e-06,-2.25e-07,2.5e-07,1.75e-07,1e-07,2.5e-07,2e-07,1e-07,6.3e-07,0.683061183145562
17,31,8.775e-06,2.25e-07,2.25e-07,1.7e-07,1.2e-07,2.5e-07,2e-07,1.075e-07,6.3e-07,0.647821332918088
17,32,8.775e-06,6.74999999999999e-07,2.25e-07,1.7e-07,1.2e-07,2.5e-07,2e-07,1.075e-07,6.3e-07,0.547288084141595
17,33,8.775e-06,1.125e-06,3e-07,1.75e-07,1.1e-07,1.5e-07,2e-07,8.5e-08,6.3e-07,0.406931673434859
17,34,8.775e-06,1.575e-06,3e-07,1.75e-07,1.1e-07,1.5e-07,2e-07,8.5e-08,6.3e-07,0.275081614634853
17,35,8.775e-06,2.025e-06,3e-07,1.75e-07,1.1e-07,1.5e-07,2e-07,8.5e-08,6.3e-07,0.215598580709149
17,36,8.775e-06,2.475e-06,3e-07,1.75e-07,1.1e-07,1.5e-07,2e-07,8.5e-08,6.3e-07,0.30125113991425
17,37,8.775e-06,2.925e-06,2.5e-07,1.7e-07,1e-07,1.75e-07,2e-07,6.25e-08,6.3e-07,0.482689109001121
17,38,8.775e-06,3.375e-06,2.75e-07,1.75e-07,1.1e-07,2.25e-07,2e-07,1.1e-07,6.3e-07,0.326617075652703
17,39,8.775e-06,3.825e-06,2.75e-07,1.75e-07,1.1e-07,2.25e-07,2e-07,1.1e-07,6.3e-07,0.418197987316963
17,40,8.775e-06,4.275e-06,2e-07,1.7e-07,1.1e-07,2e-07,2e-07,6e-08,6.3e-07,0.283686778805958
17,41,8.775e-06,4.725e-06,2e-07,1.7e-07,1.1e-07,2e-07,2e-07,6e-08,6.3e-07,0.3689966418767
17,42,8.775e-06,5.175e-06,2.25e-07,1.8e-07,1.2e-07,1.75e-07,2e-07,7e-08,6.3e-07,0.608981857477855
17,43,8.775e-06,5.625e-06,2e-07,1.8e-07,1e-07,1.75e-07,2e-07,3.75e-08,6.3e-07,0.723037896935243
17,44,8.775e-06,6.075e-06,2.25e-07,1.75e-07,1e-07,1.75e-07,2e-07,5e-08,6.3e-07,0.304284385090248
17,45,8.775e-06,6.525e-06,2.25e-07,1.75e-07,1e-07,1.75e-07,2e-07,5e-08,6.3e-07,0.0586521993034617
17,46,8.775e-06,6.975e-06,2.75e-07,1.7e-07,1.2e-07,2.5e-07,2e-07,1.325e-07,6.3e-07,0.0484090612571012
17,47,8.775e-06,7.425e-06,2.5e-07,1.75e-07,1.2e-07,1.75e-07,2e-07,8.25e-08,6.3e-07,0.530291698940384
17,48,8.775e-06,7.875e-06,2.25e-07,1.8e-07,1e-07,2e-07,2e-07,6.25e-08,6.3e-07,0.834079229107333
17,49,8.775e-06,8.325e-06,2e-07,1.75e-07,1.2e-07,2e-07,2e-07,7e-08,6.3e-07,0.651030119461193
17,50,8.775e-06,8.775e-06,2e-07,1.75e-07,1.2e-07,2e-07,2e-07,7e-08,6.3e-07,0.27430590420255
17,51,8.775e-06,9.225e-06,2.5e-07,1.75e-07,1.2e-07,1.5e-07,2e-07,7e-08,6.3e-07,0.351858072270387
17,52,8.775e-06,9.675e-06,2e-07,1.75e-07,1e-07,1.5e-07,2e-07,2.5e-08,6.3e-07,0.458573514520322
17,53,8.775e-06,1.0125e-05,2e-07,1.7e-07,1e-07,2.5e-07,2e-07,7.5e-08,6.3e-07,0.346321455409168
17,54,8.775e-06,1.0575e-05,3e-07,1.7e-07,1.1e-07,2.25e-07,2e-07,1.225e-07,6.3e-07,0.409405999445927
17,55,8.775e-06,1.1025e-05,3e-07,1.7e-07,1.1e-07,2.25e-07,2e-07,1.225e-07,6.3e-07,0.353449899241256
17,56,8.775e-06,1.1475e-05,2.5e-07,1.8e-07,1.1e-07,2.5e-07,2e-07,1.1e-07,6.3e-07,0.146379062389705
17,57,8.775e-06,1.1925e-05,2.75e-07,1.8e-07,1.1e-07,1.75e-07,2e-07,8.5e-08,6.3e-07,0.300257163219502
17,58,8.775e-06,1.2375e-05,2.75e-07,1.75e-07,1e-07,2e-07,2e-07,8.75e-08,6.3e-07,0.271099143831664
17,59,8.775e-06,1.2825e-05,2.5e-07,1.7e-07,1e-07,1.5e-07,2e-07,5e-08,6.3e-07,0.64926422929475
17,60,8.775e-06,1.3275e-05,3e-07,1.75e-07,1.1e-07,1.5e-07,2e-07,8.5e-08,6.3e-07,0.643583486228108
18,1,1.0125e-05,-1.3275e-05,2.75e-07,1.75e-07,1.1e-07,2.25e-07,2e-07,1.1e-07,6.3e-07,0.955029075516701
18,2,1.0125e-05,-1.2825e-05,2.25e-07,1.7e-07,1e-07,1.75e-07,2e-07,5e-08,6.3e-07,1.09764281335409
18,3,1.0125e-05,-1.2375e-05,2.5e-07,1.7e-07,1e-07,1.5e-07,2e-07,5e-08,6.3e-07,0.462110283910572
18,4,1.0125e-05,-1.1925e-05,2.75e-07,1.75e-07,1e-07,2e-07,2e-07,8.75e-08,6.3e-07,0.177027302196979
18,5,1.0125e-05,-1.1475e-05,2.75e-07,1.8e-07,1.1e-07,1.75e-07,2e-07,8.5e-08,6.3e-07,0.442266944761479
18,6,1.0125e-05,-1.1025e-05,2e-07,1.75e-07,1.2e-07,2.5e-07,2e-07,9.5e-08,6.3e-07,0.366607259874503
18,7,1.0125e-05,-1.0575e-05,2.5e-07,1.7e-07,1e-07,1.75e-07,2e-07,6.25e-08,6.3e-07,0.229135362158444
18,8,1.0125e-05,-1.0125e-05,3e-07,1.7e-07,1.1e-07,2.25e-07,2e-07,1.225e-07,6.3e-07,0.377234354043018
18,9,1.0125e-05,-9.675e-06,2.75e-07,1.8e-07,1.2e-07,1.5e-07,2e-07,8.25e-08,6.3e-07,0.202721276343419
18,10,1.0125e-05,-9.225e-06,2e-07,1.75e-07,1e-07,1.5e-07,2e-07,2.5e-08,6.3e-07,0.586107994117247
18,11,1.0125e-05,-8.775e-06,2e-07,1.75e-07,1e-07,1.5e-07,2e-07,2.5e-08,6.3e-07,0.0605502392968996
18,12,1.0125e-05,-8.325e-06,3e-07,1.75e-07,1.1e-07,2.25e-07,2e-07,1.225e-07,6.3e-07,0.114111054639383
18,13,1.0125e-05,-7.875e-06,2e-07,1.7e-07,1.2e-07,2e-07,2e-07,7e-08,6.3e-07,0.486709146971678
18,14,1.0125e-05,-7.425e-06,3e-07,1.8e-07,1e-07,2.5e-07,2e-07,1.25e-07,6.3e-07,0.204190165055443
18,15,1.0125e-05,-6.975e-06,2.25e-07,1.8e-07,1e-07,2e-07,2e-07,6.25e-08,6.3e-07,0.298853462945421
18,16,1.0125e-05,-6.525e-06,2.25e-07,1.8e-07,1e-07,2e-07,2e-07,6.25e-08,6.3e-07,0.344523770877389
18,17,1.0125e-05,-6.075e-06,2.5e-07,1.75e-07,1.2e-07,1.75e-07,2e-07,8.25e-08,6.3e-07,0.143043412375348
18,18,1.0125e-05,-5.625e-06,2.75e-07,1.7e-07,1.2e-07,2.5e-07,2e-07,1.325e-07,6.3e-07,0.189944698531124
18,19,1.0125e-05,-5.175e-06,2.5e-07,1.7e-07,1e-07,2e-07,2e-07,7.5e-08,6.3e-07,0.136062322006815
18,20,1.0125e-05,-4.725e-06,2e-07,1.75e-07,1.1e-07,1.5e-07,2e-07,3.5e-08,6.3e-07,0.103860395696383
18,21,1.0125e-05,-4.275e-06,2e-07,1.8e-07,1e-07,1.75e-07,2e-07,3.75e-08,6.3e-07,0.0865842928893176
18,22,1.0125e-05,-3.825e-06,2e-07,1.8e-07,1e-07,1.75e-07,2e-07,3.75e-08,6.3e-07,0.26796305227223
18,23,1.0125e-05,-3.375e-06,2e-07,1.8e-07,1e-07,1.75e-07,2e-07,3.75e-08,6.3e-07,0.67184484977414
18,24,1.0125e-05,-2.925e-06,2.75e-07,1.8e-07,1e-07,2e-07,2e-07,8.75e-08,6.3e-07,0.612498217500372
18,25,1.0125e-05,-2.475e-06,2.75e-07,1.8e-07,1e-07,2e-07,2e-07,8.75e-08,6.3e-07,0.44172858829294
18,26,1.0125e-05,-2.025e-06,2.25e-07,1.8e-07,1.2e-07,1.75e-07,2e-07,7e-08,6.3e-07,0.383531339641691
18,27,1.0125e-05,-1.575e-06,2.25e-07,1.8e-07,1.2e-07,1.75e-07,2e-07,7e-08,6.3e-07,0.36484142226144
18,28,1.0125e-05,-1.125e-06,2.25e-07,1.8e-07,1.2e-07,1.75e-07,2e-07,7e-08,6.3e-07,0.378777718863774
18,29,1.0125e-05,-6.74999999999999e-07,2.25e-07,1.8e-07,1.2e-07,1.75e-07,2e-07,7e-08,6.3e-07,0.394890659276037
18,30,1.0125e-05,-2.25e-07,2.25e-07,1.8e-07,1.2e-07,1.75e-07,2e-07,7e-08,6.3e-07,0.396916704841954
18,31,1.0125e-05,2.25e-07,2.25e-07,1.8e-07,1.2e-07,1.75e-07,2e-07,7e-08,6.3e-07,0.382649288336243
18,32,1.0125e-05,6.74999999999999e-07,2.25e-07,1.8e-07,1.2e-07,1.75e-07,2e-07,7e-08,6.3e-07,0.363870732335593
18,33,1.0125e-05,1.125e-06,2.25e-07,1.8e-07,1.2e-07,1.75e-07,2e-07,7e-08,6.3e-07,0.366375206596519
18,34,1.0125e-05,1.575e-06,2.25e-07,1.8e-07,1.2e-07,1.75e-07,2e-07,7e-08,6.3e-07,0.429281752108923
18,35,1.0125e-05,2.025e-06,2.25e-07,1.8e-07,1.2e-07,1.75e-07,2e-07,7e-08,6.3e-07,0.602073886437425
18,36,1.0125e-05,2.475e-06,2.25e-07,1.7e-07,1.2e-07,2e-07,2e-07,8.25e-08,6.3e-07,0.713131150492593
18,37,1.0125e-05,2.925e-06,2e-07,1.8e-07,1e-07,1.75e-07,2e-07,3.75e-08,6.3e-07,0.579506788951439
18,38,1.0125e-05,3.375e-06,2e-07,1.8e-07,1e-07,1.75e-07,2e-07,3.75e-08,6.3e-07,0.340575788642105
18,39,1.0125e-05,3.825e-06,2.25e-07,1.75e-07,1e-07,1.75e-07,2e-07,5e-08,6.3e-07,0.149978197727295
18,40,1.0125e-05,4.275e-06,2.25e-07,1.75e-07,1e-07,1.75e-07,2e-07,5e-08,6.3e-07,0.0200883710745412
18,41,1.0125e-05,4.725e-06,2.75e-07,1.7e-07,1.2e-07,2.5e-07,2e-07,1.325e-07,6.3e-07,0.0267771033142987
18,42,1.0125e-05,5.175e-06,2.75e-07,1.7e-07,1.2e-07,2.5e-07,2e-07,1.325e-07,6.3e-07,0.203158689403922
18,43,1.0125e-05,5.625e-06,2.5e-07,1.75e-07,1.2e-07,1.75e-07,2e-07,8.25e-08,6.3e-07,0.506369069999805
18,44,1.0125e-05,6.075e-06,2.25e-07,1.8e-07,1e-07,2e-07,2e-07,6.25e-08,6.3e-07,0.697299691013522
18,45,1.0125e-05,6.525e-06,3e-07,1.8e-07,1e-07,2.5e-07,2e-07,1.25e-07,6.3e-07,0.717835346749738
18,46,1.0125e-05,6.975e-06,2e-07,1.75e-07,1.2e-07,2e-07,2e-07,7e-08,6.3e-07,0.353330436692179
18,47,1.0125e-05,7.425e-06,2e-07,1.75e-07,1.2e-07,2e-07,2e-07,7e-08,6.3e-07,0.513934526967227
18,48,1.0125e-05,7.875e-06,2.5e-07,1.75e-07,1.2e-07,1.5e-07,2e-07,7e-08,6.3e-07,0.255127606130695
18,49,1.0125e-05,8.325e-06,2e-07,1.75e-07,1e-07,1.5e-07,2e-07,2.5e-08,6.3e-07,0.408000578900946
18,50,1.0125e-05,8.775e-06,2e-07,1.7e-07,1e-07,2.5e-07,2e-07,7.5e-08,6.3e-07,0.471213271283749
18,51,1.0125e-05,9.225e-06,3e-07,1.8e-07,1e-07,2.25e-07,2e-07,1.125e-07,6.3e-07,0.501726833903345
18,52,1.0125e-05,9.675e-06,3e-07,1.7e-07,1.1e-07,2.25e-07,2e-07,1.225e-07,6.3e-07,0.0962034373613343
18,53,1.0125e-05,1.0125e-05,2.5e-07,1.8e-07,1.1e-07,2.5e-07,2e-07,1.1e-07,6.3e-07,0.039789928148375
18,54,1.0125e-05,1.0575e-05,3e-07,1.75e-07,1.1e-07,2e-07,2e-07,1.1e-07,6.3e-07,0.504458150522033
18,55,1.0125e-05,1.1025e-05,2.75e-07,1.8e-07,1.1e-07,1.75e-07,2e-07,8.5e-08,6.3e-07,0.103334965314766
18,56,1.0125e-05,1.1475e-05,2.5e-07,1.7e-07,1e-07,1.5e-07,2e-07,5e-08,6.3e-07,0.397396208424816
18,57,1.0125e-05,1.1925e-05,2.25e-07,1.7e-07,1e-07,1.75e-07,2e-07,5e-08,6.3e-07,0.654713973102377
18,58,1.0125e-05,1.2375e-05,3e-07,1.75e-07,1.1e-07,1.5e-07,2e-07,8.5e-08,6.3e-07,0.791721464710432
18,59,1.0125e-05,1.2825e-05,2e-07,1.7e-07,1.1e-07,2e-07,2e-07,6e-08,6.3e-07,0.569934543302458
18,60,1.0125e-05,1.3275e-05,2.25e-07,1.8e-07,1.2e-07,1.75e-07,2e-07,7e-08,6.3e-07,0.551659725015946
19,1,1.1475e-05,-1.3275e-05,2e-07,1.8e-07,1e-07,1.75e-07,2e-07,3.75e-08,6.3e-07,0.115984976197477
19,2,1.1475e-05,-1.2825e-05,2.75e-07,1.8e-07,1e-07,2e-07,2e-07,8.75e-08,6.3e-07,0.606695111567959
19,3,1.1475e-05,-1.2375e-05,2.75e-07,1.8e-07,1e-07,2e-07,2e-07,8.75e-08,6.3e-07,0.799679848598269
19,4,1.1475e-05,-1.1925e-05,2.75e-07,1.75e-07,1.1e-07,2.25e-07,2e-07,1.1e-07,6.3e-07,1.03591336110286
19,5,1.1475e-05,-1.1475e-05,2.25e-07,1.7e-07,1e-07,1.75e-07,2e-07,5e-08,6.3e-07,0.845502340430137
19,6,1.1475e-05,-1.1025e-05,2.5e-07,1.7e-07,1e-07,1.5e-07,2e-07,5e-08,6.3e-07,0.370178412213123
19,7,1.1475e-05,-1.0575e-05,2.75e-07,1.75e-07,1e-07,2e-07,2e-07,8.75e-08,6.3e-07,0.154527127715288
19,8,1.1475e-05,-1.0125e-05,2.75e-07,1.8e-07,1.1e-07,1.75e-07,2e-07,8.5e-08,6.3e-07,0.316723493973103
19,9,1.1475e-05,-9.675e-06,2e-07,1.75e-07,1.2e-07,2.5e-07,2e-07,9.5e-08,6.3e-07,0.377173040619967
19,10,1.1475e-05,-9.225e-06,2.5e-07,1.8e-07,1.1e-07,2.5e-07,2e-07,1.1e-07,6.3e-07,0.343726241591441
19,11,1.1475e-05,-8.775e-06,3e-07,1.7e-07,1.1e-07,2.25e-07,2e-07,1.225e-07,6.3e-07,0.236957413847981
19,12,1.1475e-05,-8.325e-06,3e-07,1.7e-07,1.1e-07,2.25e-07,2e-07,1.225e-07,6.3e-07,0.623125892551099
19,13,1.1475e-05,-7.875e-06,2.75e-07,1.8e-07,1.2e-07,1.5e-07,2e-07,8.25e-08,6.3e-07,0.195092202839983
19,14,1.1475e-05,-7.425e-06,2e-07,1.75e-07,1e-07,1.5e-07,2e-07,2.5e-08,6.3e-07,0.685591137119486
19,15,1.1475e-05,-6.975e-06,2e-07,1.75e-07,1e-07,1.5e-07,2e-07,2.5e-08,6.3e-07,0.0681626371017013
19,16,1.1475e-05,-6.525e-06,2.5e-07,1.75e-07,1.2e-07,1.5e-07,2e-07,7e-08,6.3e-07,0.241448948626604
19,17,1.1475e-05,-6.075e-06,3e-07,1.75e-07,1.1e-07,2.25e-07,2e-07,1.225e-07,6.3e-07,0.186533624634546
19,18,1.1475e-05,-5.625e-06,2e-07,1.7e-07,1.2e-07,2e-07,2e-07,7e-08,6.3e-07,0.541771599025406
19,19,1.1475e-05,-5.175e-06,3e-07,1.8e-07,1e-07,2.5e-07,2e-07,1.25e-07,6.3e-07,0.416020894783925
19,20,1.1475e-05,-4.725e-06,3e-07,1.8e-07,1e-07,2.5e-07,2e-07,1.25e-07,6.3e-07,0.270417931139309
19,21,1.1475e-05,-4.275e-06,2.25e-07,1.8e-07,1e-07,2e-07,2e-07,6.25e-08,6.3e-07,0.441288763628156
19,22,1.1475e-05,-3.825e-06,2.25e-07,1.8e-07,1e-07,2e-07,2e-07,6.25e-08,6.3e-07,0.301742405786442
19,23,1.1475e-05,-3.375e-06,2.25e-07,1.8e-07,1e-07,2e-07,2e-07,6.25e-08,6.3e-07,0.415399144018075
19,24,1.1475e-05,-2.925e-06,2.5e-07,1.75e-07,1.2e-07,1.75e-07,2e-07,8.25e-08,6.3e-07,0.344925452408079
19,25,1.1475e-05,-2.475e-06,2.5e-07,1.75e-07,1.2e-07,1.75e-07,2e-07,8.25e-08,6.3e-07,0.200747863868073
19,26,1.1475e-05,-2.025e-06,2.5e-07,1.75e-07,1.2e-07,1.75e-07,2e-07,8.25e-08,6.3e-07,0.170987446944118
19,27,1.1475e-05,-1.575e-06,2.5e-07,1.75e-07,1.2e-07,1.75e-07,2e-07,8.25e-08,6.3e-07,0.202728600987188
19,28,1.1475e-05,-1.125e-06,2.75e-07,1.7e-07,1.2e-07,2.5e-07,2e-07,1.325e-07,6.3e-07,0.189589012334935
19,29,1.1475e-05,-6.74999999999999e-07,2.75e-07,1.7e-07,1.2e-07,2.5e-07,2e-07,1.325e-07,6.3e-07,0.148022879149706
19,30,1.1475e-05,-2.25e-07,2.75e-07,1.7e-07,1.2e-07,2.5e-07,2e-07,1.325e-07,6.3e-07,0.135512057063635
19,31,1.1475e-05,2.25e-07,2.75e-07,1.7e-07,1.2e-07,2.5e-07,2e-07,1.325e-07,6.3e-07,0.149242247677285
19,32,1.1475e-05,6.74999999999999e-07,2.75e-07,1.7e-07,1.2e-07,2.5e-07,2e-07,1.325e-07,6.3e-07,0.199228839851166
19,33,1.1475e-05,1.125e-06,2.5e-07,1.75e-07,1.2e-07,1.75e-07,2e-07,8.25e-08,6.3e-07,0.224474064408012
19,34,1.1475e-05,1.575e-06,2.5e-07,1.75e-07,1.2e-07,1.75e-07,2e-07,8.25e-08,6.3e-07,0.233752317153746
19,35,1.1475e-05,2.025e-06,2.5e-07,1.75e-07,1.2e-07,1.75e-07,2e-07,8.25e-08,6.3e-07,0.330731480283704
19,36,1.1475e-05,2.475e-06,2.5e-07,1.75e-07,1.2e-07,1.75e-07,2e-07,8.25e-08,6.3e-07,0.567718558739068
19,37,1.1475e-05,2.925e-06,2.25e-07,1.8e-07,1e-07,2e-07,2e-07,6.25e-08,6.3e-07,0.563052688987762
19,38,1.1475e-05,3.375e-06,2.25e-07,1.8e-07,1e-07,2e-07,2e-07,6.25e-08,6.3e-07,0.609249155987745
19,39,1.1475e-05,3.825e-06,3e-07,1.8e-07,1e-07,2.5e-07,2e-07,1.25e-07,6.3e-07,0.630699983381957
19,40,1.1475e-05,4.275e-06,3e-07,1.8e-07,1e-07,2.5e-07,2e-07,1.25e-07,6.3e-07,0.614031349072973
19,41,1.1475e-05,4.725e-06,2e-07,1.75e-07,1.2e-07,2e-07,2e-07,7e-08,6.3e-07,0.385417835733587
19,42,1.1475e-05,5.175e-06,2e-07,1.75e-07,1.2e-07,2e-07,2e-07,7e-08,6.3e-07,0.497076819285649
19,43,1.1475e-05,5.625e-06,2.5e-07,1.75e-07,1.2e-07,1.5e-07,2e-07,7e-08,6.3e-07,0.471774585767601
19,44,1.1475e-05,6.075e-06,2.5e-07,1.75e-07,1.2e-07,1.5e-07,2e-07,7e-08,6.3e-07,0.197817953409025
19,45,1.1475e-05,6.525e-06,2e-07,1.75e-07,1e-07,1.5e-07,2e-07,2.5e-08,6.3e-07,0.437907040099064
19,46,1.1475e-05,6.975e-06,2.75e-07,1.8e-07,1.2e-07,1.5e-07,2e-07,8.25e-08,6.3e-07,0.542740777649589
19,47,1.1475e-05,7.425e-06,3e-07,1.8e-07,1e-07,2.25e-07,2e-07,1.125e-07,6.3e-07,0.340752238251098
19,48,1.1475e-05,7.875e-06,3e-07,1.7e-07,1.1e-07,2.25e-07,2e-07,1.225e-07,6.3e-07,0.16469787126074
19,49,1.1475e-05,8.325e-06,3e-07,1.7e-07,1.1e-07,2.25e-07,2e-07,1.225e-07,6.3e-07,0.353633703094042
19,50,1.1475e-05,8.775e-06,2.5e-07,1.8e-07,1.1e-07,2.5e-07,2e-07,1.1e-07,6.3e-07,0.0366221447203454
19,51,1.1475e-05,9.225e-06,3e-07,1.75e-07,1.1e-07,2e-07,2e-07,1.1e-07,6.3e-07,0.57918228462977
19,52,1.1475e-05,9.675e-06,2.75e-07,1.8e-07,1.1e-07,1.75e-07,2e-07,8.5e-08,6.3e-07,0.0924569984552342
19,53,1.1475e-05,1.0125e-05,2.75e-07,1.75e-07,1e-07,2e-07,2e-07,8.75e-08,6.3e-07,0.438967142738731
19,54,1.1475e-05,1.0575e-05,2.5e-07,1.7e-07,1e-07,1.5e-07,2e-07,5e-08,6.3e-07,0.62614101244694
19,55,1.1475e-05,1.1025e-05,3e-07,1.75e-07,1.1e-07,1.5e-07,2e-07,8.5e-08,6.3e-07,0.668194379714373
19,56,1.1475e-05,1.1475e-05,2.75e-07,1.75e-07,1.1e-07,2.25e-07,2e-07,1.1e-07,6.3e-07,0.432275467146524
19,57,1.1475e-05,1.1925e-05,2.25e-07,1.8e-07,1.2e-07,1.75e-07,2e-07,7e-08,6.3e-07,0.406090148800583
19,58,1.1475e-05,1.2375e-05,2.25e-07,1.7e-07,1.2e-07,2e-07,2e-07,8.25e-08,6.3e-07,0.791955541542422
19,59,1.1475e-05,1.2825e-05,2.25e-07,1.75e-07,1e-07,1.75e-07,2e-07,5e-08,6.3e-07,0.0940515286077808
19,60,1.1475e-05,1.3275e-05,2.75e-07,1.7e-07,1.2e-07,2.5e-07,2e-07,1.325e-07,6.3e-07,0.238408044255485
20,1,1.2825e-05,-1.3275e-05,3e-07,1.8e-07,1e-07,2.5e-07,2e-07,1.25e-07,6.3e-07,0.840078578217117
20,2,1.2825e-05,-1.2825e-05,2.5e-07,1.75e-07,1.2e-07,1.75e-07,2e-07,8.25e-08,6.3e-07,0.462761448661513
20,3,1.2825e-05,-1.2375e-05,2.75e-07,1.7e-07,1.2e-07,2.5e-07,2e-07,1.325e-07,6.3e-07,0.0701378617514088
20,4,1.2825e-05,-1.1925e-05,2e-07,1.8e-07,1e-07,1.75e-07,2e-07,3.75e-08,6.3e-07,0.126275742672075
20,5,1.2825e-05,-1.1475e-05,2.75e-07,1.8e-07,1e-07,2e-07,2e-07,8.75e-08,6.3e-07,0.715191770272845
20,6,1.2825e-05,-1.1025e-05,2.75e-07,1.8e-07,1e-07,2e-07,2e-07,8.75e-08,6.3e-07,0.547635950660859
20,7,1.2825e-05,-1.0575e-05,2.75e-07,1.75e-07,1.1e-07,2.25e-07,2e-07,1.1e-07,6.3e-07,0.862801440201355
20,8,1.2825e-05,-1.0125e-05,2e-07,1.8e-07,1.2e-07,2.5e-07,2e-07,9.5e-08,6.3e-07,1.07959441927251
20,9,1.2825e-05,-9.675e-06,2e-07,1.8e-07,1.1e-07,2.5e-07,2e-07,8.5e-08,6.3e-07,0.732787320481721
20,10,1.2825e-05,-9.225e-06,2.5e-07,1.7e-07,1e-07,1.5e-07,2e-07,5e-08,6.3e-07,0.321815943131694
20,11,1.2825e-05,-8.775e-06,2.75e-07,1.75e-07,1e-07,2e-07,2e-07,8.75e-08,6.3e-07,0.113793120494939
20,12,1.2825e-05,-8.325e-06,2.75e-07,1.8e-07,1.1e-07,1.75e-07,2e-07,8.5e-08,6.3e-07,0.22821072683667
20,13,1.2825e-05,-7.875e-06,2e-07,1.75e-07,1.2e-07,2.5e-07,2e-07,9.5e-08,6.3e-07,0.535411332754379
20,14,1.2825e-05,-7.425e-06,2.5e-07,1.8e-07,1.1e-07,2.5e-07,2e-07,1.1e-07,6.3e-07,0.260971080606976
20,15,1.2825e-05,-6.975e-06,2e-07,1.7e-07,1.1e-07,1.75e-07,2e-07,4.75e-08,6.3e-07,0.363928796185816
20,16,1.2825e-05,-6.525e-06,3e-07,1.7e-07,1.1e-07,2.25e-07,2e-07,1.225e-07,6.3e-07,0.198355513407486
20,17,1.2825e-05,-6.075e-06,3e-07,1.7e-07,1.1e-07,2.25e-07,2e-07,1.225e-07,6.3e-07,0.360033112545224
20,18,1.2825e-05,-5.625e-06,2.75e-07,1.8e-07,1.2e-07,1.5e-07,2e-07,8.25e-08,6.3e-07,0.411556762792886
20,19,1.2825e-05,-5.175e-06,2.75e-07,1.8e-07,1.2e-07,1.5e-07,2e-07,8.25e-08,6.3e-07,0.216019263340173
20,20,1.2825e-05,-4.725e-06,2.75e-07,1.8e-07,1.2e-07,1.5e-07,2e-07,8.25e-08,6.3e-07,0.483524270358208
20,21,1.2825e-05,-4.275e-06,2e-07,1.75e-07,1e-07,1.5e-07,2e-07,2.5e-08,6.3e-07,0.428160670315839
20,22,1.2825e-05,-3.825e-06,2e-07,1.75e-07,1e-07,1.5e-07,2e-07,2.5e-08,6.3e-07,0.129828002707677
20,23,1.2825e-05,-3.375e-06,2e-07,1.75e-07,1e-07,1.5e-07,2e-07,2.5e-08,6.3e-07,0.0919825717421941
20,24,1.2825e-05,-2.925e-06,2.5e-07,1.75e-07,1.2e-07,1.5e-07,2e-07,7e-08,6.3e-07,0.175665679958636
20,25,1.2825e-05,-2.475e-06,2.5e-07,1.75e-07,1.2e-07,1.5e-07,2e-07,7e-08,6.3e-07,0.272432196601126
20,26,1.2825e-05,-2.025e-06,3e-07,1.75e-07,1.1e-07,2.25e-07,2e-07,1.225e-07,6.3e-07,0.274463248679759
20,27,1.2825e-05,-1.575e-06,3e-07,1.75e-07,1.1e-07,2.25e-07,2e-07,1.225e-07,6.3e-07,0.263908574890209
20,28,1.2825e-05,-1.125e-06,3e-07,1.75e-07,1.1e-07,2.25e-07,2e-07,1.225e-07,6.3e-07,0.286036975439417
20,29,1.2825e-05,-6.74999999999999e-07,3e-07,1.75e-07,1.1e-07,2.25e-07,2e-07,1.225e-07,6.3e-07,0.312999772669048
20,30,1.2825e-05,-2.25e-07,3e-07,1.75e-07,1.1e-07,2.25e-07,2e-07,1.225e-07,6.3e-07,0.329038454471104
20,31,1.2825e-05,2.25e-07,3e-07,1.75e-07,1.1e-07,2.25e-07,2e-07,1.225e-07,6.3e-07,0.330818652935886
20,32,1.2825e-05,6.74999999999999e-07,3e-07,1.75e-07,1.1e-07,2.25e-07,2e-07,1.225e-07,6.3e-07,0.32738133128902
20,33,1.2825e-05,1.125e-06,3e-07,1.75e-07,1.1e-07,2.25e-07,2e-07,1.225e-07,6.3e-07,0.339862764482404
20,34,1.2825e-05,1.575e-06,2.5e-07,1.75e-07,1.2e-07,1.5e-07,2e-07,7e-08,6.3e-07,0.357558459947587
20,35,1.2825e-05,2.025e-06,2.5e-07,1.75e-07,1.2e-07,1.5e-07,2e-07,7e-08,6.3e-07,0.217502656906398
20,36,1.2825e-05,2.475e-06,2.5e-07,1.75e-07,1.2e-07,1.5e-07,2e-07,7e-08,6.3e-07,0.169106316644948
20,37,1.2825e-05,2.925e-06,2e-07,1.75e-07,1e-07,1.5e-07,2e-07,2.5e-08,6.3e-07,0.169416833171548
20,38,1.2825e-05,3.375e-06,2e-07,1.75e-07,1e-07,1.5e-07,2e-07,2.5e-08,6.3e-07,0.319754658402274
20,39,1.2825e-05,3.825e-06,2e-07,1.75e-07,1e-07,1.5e-07,2e-07,2.5e-08,6.3e-07,0.745111329575178
20,40,1.2825e-05,4.275e-06,2.75e-07,1.8e-07,1.2e-07,1.5e-07,2e-07,8.25e-08,6.3e-07,0.443245346374704
20,41,1.2825e-05,4.725e-06,3e-07,1.8e-07,1e-07,2.25e-07,2e-07,1.125e-07,6.3e-07,0.309529176823626
20,42,1.2825e-05,5.175e-06,3e-07,1.8e-07,1e-07,2.25e-07,2e-07,1.125e-07,6.3e-07,0.59289270624879
20,43,1.2825e-05,5.625e-06,3e-07,1.7e-07,1.1e-07,2.25e-07,2e-07,1.225e-07,6.3e-07,0.121218193326933
20,44,1.2825e-05,6.075e-06,3e-07,1.7e-07,1.1e-07,2.25e-07,2e-07,1.225e-07,6.3e-07,0.235796894374772
20,45,1.2825e-05,6.525e-06,2.5e-07,1.8e-07,1.1e-07,2.5e-07,2e-07,1.1e-07,6.3e-07,0.0930368917470651
20,46,1.2825e-05,6.975e-06,2.5e-07,1.8e-07,1.1e-07,2.5e-07,2e-07,1.1e-07,6.3e-07,0.241841207014668
20,47,1.2825e-05,7.425e-06,2.75e-07,1.8e-07,1.1e-07,1.75e-07,2e-07,8.5e-08,6.3e-07,0.670102811273837
20,48,1.2825e-05,7.875e-06,2.75e-07,1.8e-07,1.1e-07,1.75e-07,2e-07,8.5e-08,6.3e-07,0.0834996599800641
20,49,1.2825e-05,8.325e-06,2.75e-07,1.75e-07,1e-07,2e-07,2e-07,8.75e-08,6.3e-07,0.249868871570895
20,50,1.2825e-05,8.775e-06,2.5e-07,1.7e-07,1e-07,1.5e-07,2e-07,5e-08,6.3e-07,0.332190663875434
20,51,1.2825e-05,9.225e-06,2.25e-07,1.7e-07,1e-07,1.75e-07,2e-07,5e-08,6.3e-07,0.664010743336895
20,52,1.2825e-05,9.675e-06,2.75e-07,1.75e-07,1.1e-07,2.25e-07,2e-07,1.1e-07,6.3e-07,0.831281847506502
20,53,1.2825e-05,1.0125e-05,2.75e-07,1.75e-07,1.1e-07,2.25e-07,2e-07,1.1e-07,6.3e-07,0.563801180632067
20,54,1.2825e-05,1.0575e-05,2.25e-07,1.8e-07,1.2e-07,1.75e-07,2e-07,7e-08,6.3e-07,0.365437599967553
20,55,1.2825e-05,1.1025e-05,2e-07,1.8e-07,1e-07,1.75e-07,2e-07,3.75e-08,6.3e-07,0.808722612644713
20,56,1.2825e-05,1.1475e-05,2.25e-07,1.75e-07,1e-07,1.75e-07,2e-07,5e-08,6.3e-07,0.107689197009312
20,57,1.2825e-05,1.1925e-05,2.75e-07,1.7e-07,1.2e-07,2.5e-07,2e-07,1.325e-07,6.3e-07,0.0844305207720426
20,58,1.2825e-05,1.2375e-05,2.5e-07,1.75e-07,1.2e-07,1.75e-07,2e-07,8.25e-08,6.3e-07,1.2542661903935
20,59,1.2825e-05,1.2825e-05,2e-07,1.75e-07,1.2e-07,2e-07,2e-07,7e-08,6.3e-07,0.665785147108839
20,60,1.2825e-05,1.3275e-05,2.75e-07,1.8e-07,1.1e-07,2e-07,2e-07,9.75e-08,6.3e-07,0.115963952743907
